Word, Count
molds, 16128
candy, 15157
mold, 12872
chocolate, 11946
for, 3392
cake, 3341
lollipop, 2453
pan, 1557
food, 1346
sugar, 1254
silicone, 1249
hard, 1217
easter, 1122
mint, 1057
where, 1049
shaped, 979
buy, 960
making, 940
edible, 920
to, 901
gold, 895
wilton, 888
and, 859
supplies, 853
coloring, 796
sucker, 757
melts, 756
in, 753
egg, 751
baby, 737
baking, 694
flavoring, 621
pans, 619
glitter, 604
3d, 594
of, 579
cookie, 573
penis, 572
wedding, 565
can, 547
cream, 539
graduation, 522
oil, 521
a, 516
i, 498
mini, 496
magic, 469
lorann, 467
white, 466
large, 453
plastic, 445
line, 440
number, 437
fondant, 433
bunny, 421
eggs, 412
small, 412
shower, 392
sanding, 387
cheese, 384
guittard, 376
pop, 374
with, 372
wholesale, 362
cupcake, 358
color, 358
flavor, 357
melting, 353
powder, 348
lollipops, 344
shoe, 338
1, 333
round, 325
bulk, 318
make, 308
high, 306
square, 296
rubber, 295
the, 292
bar, 291
blue, 285
oils, 285
sale, 281
wafers, 275
ck, 275
inch, 271
ice, 262
cheap, 261
ball, 261
letter, 259
skull, 259
2, 257
heel, 256
cross, 255
extract, 249
dog, 248
sprinkles, 247
x, 245
supply, 242
3, 240
cutter, 237
flakes, 236
cakes, 230
rose, 230
sweet, 228
oreo, 227
you, 222
shape, 218
heart, 217
&, 216
near, 215
horse, 212
party, 212
icing, 211
vanilla, 211
me, 208
liquid, 205
pretzel, 204
leaf, 197
star, 196
cup, 194
gel, 191
mints, 189
animal, 187
mould, 187
cowboy, 187
store, 186
birthday, 185
de, 184
hat, 184
mouse, 184
golf, 182
find, 179
paw, 177
bear, 173
best, 170
pops, 170
stores, 170
red, 168
caramel, 167
frog, 166
themed, 166
flexible, 159
elephant, 158
cotton, 158
butter, 154
4, 153
bags, 152
chips, 151
oscar, 151
seashell, 151
tower, 151
metal, 151
communion, 151
melt, 151
pot, 151
lemon, 149
fish, 146
flavored, 146
moulds, 146
football, 145
molding, 144
bone, 144
bee, 142
dinosaur, 142
owl, 140
royal, 140
flavors, 139
chocolates, 139
decorating, 139
crystals, 137
shell, 137
choclate, 136
mermaid, 136
flower, 135
black, 134
maple, 133
anchor, 132
cups, 131
products, 131
custom, 130
decorations, 128
strawberry, 127
americolor, 126
eiffel, 124
moldes, 123
sea, 122
gummy, 122
adult, 122
truck, 121
unicorn, 121
dick, 121
green, 120
box, 120
paste, 120
liners, 119
lego, 119
boxes, 119
dust, 118
hollow, 117
melter, 117
treat, 116
theme, 115
powdered, 115
mickey, 114
old, 112
lolipop, 110
tractor, 109
music, 108
silicon, 108
tea, 107
natural, 107
vintage, 106
tool, 106
loaf, 106
halloween, 105
by, 104
10, 104
8, 104
alphabet, 104
toppers, 103
pink, 103
16, 102
ring, 102
big, 101
first, 101
para, 99
suckers, 99
gun, 99
orange, 98
dark, 98
lips, 97
juice, 97
6, 97
gum, 97
turtle, 97
flamingo, 96
covered, 96
machine, 96
candies, 95
paper, 95
peanut, 95
christmas, 95
silver, 94
nautical, 94
get, 93
topper, 93
colored, 93
day, 93
paramount, 93
tray, 92
that, 92
pineapple, 92
sunflower, 92
tools, 92
guitar, 92
yellow, 92
duck, 91
bride, 90
baseball, 90
mask, 90
teddy, 90
airplane, 89
panoramic, 89
polycarbonate, 89
7, 88
purple, 88
crayon, 87
do, 87
lolly, 87
trays, 86
what, 86
vape, 86
head, 85
parrish, 85
n, 84
motorcycle, 84
new, 84
lamb, 83
buttercream, 83
9, 83
oz, 82
or, 82
size, 82
flavorings, 82
on, 82
thank, 82
ribbon, 82
online, 82
rabbit, 81
cancer, 81
apple, 81
cheesecake, 81
set, 81
groom, 80
professional, 80
sugarcraft, 80
like, 79
horseshoe, 79
foil, 79
mustache, 79
pig, 79
girl, 78
dye, 77
frosting, 77
wrappers, 77
beer, 76
cap, 76
shamrock, 76
pound, 76
boot, 75
choc, 75
clear, 75
angel, 74
dolphin, 74
bubble, 74
hockey, 73
minnie, 73
5, 73
beach, 73
monster, 73
st, 72
boy, 72
letters, 72
mix, 72
princess, 71
crown, 71
cat, 71
extracts, 71
city, 70
e, 70
lip, 70
made, 70
12, 70
d, 70
daisy, 69
statue, 69
double, 69
sticks, 69
antique, 69
eagle, 69
doll, 69
happy, 68
teapot, 68
electric, 67
sheet, 67
navy, 67
crab, 67
basket, 66
organic, 66
moose, 65
numbers, 65
fire, 65
colors, 65
cupcakes, 65
cone, 65
equipment, 64
western, 63
tree, 63
paris, 63
sand, 63
bridal, 63
army, 62
bag, 62
cutters, 62
car, 62
aluminum, 62
flip, 62
tiny, 62
construction, 62
air, 62
print, 62
stiletto, 61
bow, 61
feet, 61
commercial, 61
starfish, 60
cinnamon, 60
purchase, 60
batman, 60
fat, 60
boxing, 60
cookies, 60
giant, 60
dice, 60
milk, 59
homemade, 58
fashioned, 58
disco, 58
home, 58
soft, 58
bell, 57
masquerade, 56
kit, 56
glass, 56
com, 56
breast, 56
2017, 56
rectangle, 55
disney, 55
weddings, 55
who, 55
house, 55
bakery, 55
butterfly, 55
marijuana, 55
deer, 55
containers, 54
one, 54
stick, 54
pumpkin, 54
dove, 54
butt, 54
kitchen, 53
emoji, 53
glove, 53
lis, 53
ohio, 53
cooking, 52
ammonia, 52
order, 52
raspberry, 52
jello, 52
scout, 52
suppliers, 51
hot, 51
metallic, 51
nurse, 51
rock, 51
skeleton, 51
life, 51
flop, 51
award, 51
bubblegum, 50
cactus, 50
key, 50
watermelon, 50
french, 50
mushroom, 50
lion, 50
lacrosse, 50
fleur, 50
cigar, 49
diamond, 49
patrol, 49
usa, 49
sphere, 49
lb, 49
emulsion, 49
madagascar, 49
state, 49
super, 48
nicotine, 48
coating, 48
inside, 48
break, 48
note, 48
brain, 48
medical, 48
coin, 48
animals, 48
ny, 47
chicken, 47
apples, 47
shop, 47
pure, 47
pearls, 47
chip, 47
dram, 47
bars, 47
sour, 47
cocoa, 46
coconut, 46
no, 46
dress, 46
farm, 45
musical, 45
disposable, 45
shapes, 45
alligator, 45
giraffe, 45
at, 45
fl, 45
treats, 45
decoration, 44
bowling, 44
bulldog, 44
flake, 44
is, 44
non, 44
50, 44
shoes, 44
pa, 44
cybrtrayd, 44
use, 44
molded, 44
lollypop, 43
looking, 43
cherry, 43
hand, 43
bright, 42
fruit, 42
grade, 42
cavity, 42
wax, 42
tip, 42
hair, 41
ca, 41
favors, 41
lavender, 41
half, 41
maker, 41
engagement, 41
soldier, 40
all, 40
diego, 40
www, 40
body, 40
anniversary, 40
18, 40
exotic, 40
based, 40
ingredients, 40
dollar, 40
stars, 39
taffy, 39
truffle, 39
brown, 39
drop, 39
crystal, 39
my, 39
molde, 39
baptism, 39
how, 39
miniature, 39
bird, 38
bittersweet, 38
moldings, 38
love, 38
bite, 38
peppermint, 38
forms, 38
tooth, 38
sells, 38
sports, 38
apart, 38
champagne, 38
plain, 37
tin, 37
flowers, 37
rectangular, 37
14, 37
go, 37
pack, 37
sell, 37
filled, 37
circle, 37
notes, 36
block, 36
oreos, 36
firefighter, 36
teacup, 36
little, 36
police, 36
religious, 36
gem, 36
chocomaker, 36
greek, 36
scene, 36
ship, 35
record, 35
nj, 35
pepper, 35
essence, 35
seahorse, 35
wine, 35
bat, 35
more, 35
company, 35
top, 34
liquor, 34
carousel, 34
bones, 34
steel, 34
hearts, 34
dome, 34
paint, 34
peacock, 34
sandwich, 34
peels, 34
fancy, 34
santa, 34
boots, 33
chocolat, 33
are, 33
banana, 33
deep, 33
san, 33
chicolate, 33
lobster, 33
filling, 33
bottom, 33
tie, 33
full, 32
balloon, 32
bourbon, 32
bread, 32
anatomical, 32
unique, 32
cars, 32
assortment, 32
cow, 32
miami, 32
skate, 32
peach, 32
bean, 32
c, 32
bottles, 32
bon, 32
board, 32
fireman, 32
used, 31
chocalate, 31
york, 31
dry, 31
jelly, 31
card, 31
from, 31
foot, 31
men, 31
cellophane, 31
coffin, 31
cube, 31
carriage, 31
discs, 31
helmet, 31
almond, 31
stainless, 31
cello, 31
rat, 31
safari, 31
honey, 30
under, 30
up, 30
dragon, 30
hats, 30
tail, 30
makeup, 30
7.5, 30
cinderella, 30
piece, 30
superman, 30
toy, 30
carrot, 30
semi, 30
it, 30
tempering, 30
teal, 30
anise, 29
muffin, 29
purse, 29
form, 29
ballerina, 29
ounce, 29
jolly, 29
king, 29
90, 29
cardboard, 29
boob, 29
badge, 29
t, 29
buffalo, 29
potter, 28
mango, 28
cany, 28
bachelorette, 28
face, 28
jungle, 28
bake, 28
dessert, 28
initial, 28
ann, 28
flag, 28
essential, 28
doc, 28
your, 28
3.5, 28
garden, 28
apeels, 28
squirrel, 28
kiss, 28
quality, 28
15, 28
wars, 28
logo, 28
awareness, 28
gymnastics, 28
sign, 28
fudge, 27
confectionery, 27
mode, 27
tiger, 27
patriotic, 27
swan, 27
harry, 27
monkey, 27
extra, 27
wiltons, 27
street, 27
meringue, 27
force, 27
50th, 27
gallon, 27
christening, 27
rooster, 27
sequins, 27
coffee, 27
chess, 26
rancher, 26
flat, 26
sun, 26
clover, 26
candles, 26
pistol, 26
basketball, 26
wheel, 26
oval, 26
25, 26
dipping, 26
moon, 26
single, 26
harley, 26
shells, 26
heels, 26
cameo, 26
mardi, 26
m, 26
palm, 26
man, 26
gourmet, 26
casino, 26
creme, 26
24, 26
clove, 26
toasted, 25
sprinkle, 25
patrick's, 25
co, 25
sparkles, 25
removable, 25
feather, 25
coral, 25
umbrella, 25
woodland, 25
july, 25
human, 25
hollywood, 25
bicycle, 25
inches, 25
lime, 25
drinks, 25
american, 25
rocket, 25
items, 25
sheep, 25
vagina, 25
tart, 25
gras, 25
coarse, 25
piano, 25
long, 25
castle, 25
zoo, 24
academy, 24
boards, 24
bug, 24
syrup, 24
72, 24
nurses, 24
donkey, 24
pastry, 24
bumble, 24
paletas, 24
chcolate, 24
gift, 24
own, 24
choco, 24
eyes, 23
davidson, 23
13, 23
water, 23
soccer, 23
light, 23
catalog, 23
pill, 23
sesame, 23
two, 23
weed, 23
flex, 23
us, 23
golden, 23
playing, 23
tennis, 23
wafer, 23
oscars, 23
butterscotch, 23
spider, 23
masonic, 23
kisses, 23
lipstick, 23
medium, 23
hairdresser, 23
good, 23
rex, 23
ties, 23
table, 23
rice, 23
mug, 22
fondue, 22
grey, 22
los, 22
snowflake, 22
corn, 22
blocks, 22
class, 22
mccormick, 22
prince, 22
blueberry, 22
pearl, 22
snake, 22
pick, 22
shimmer, 22
there, 22
mcstuffins, 22
mice, 22
character, 22
crayons, 22
s, 22
spray, 22
daddio's, 22
carbonate, 21
mr, 21
skulls, 21
pirate, 21
marshmallow, 21
plates, 21
sparkling, 21
nyc, 21
burgundy, 21
popcorn, 21
texas, 21
log, 21
holiday, 21
crafts, 21
balls, 21
tulip, 21
place, 21
seashells, 21
hunting, 21
it's, 21
elmo, 21
grenade, 21
hawaiian, 21
troll, 21
diploma, 21
ammonium, 21
holy, 21
accessories, 20
wrestling, 20
butternut, 20
show, 20
different, 20
jewel, 20
rod, 20
fashion, 20
dr, 20
dallas, 20
ghost, 20
pizza, 20
arrow, 20
dining, 20
angeles, 20
cannabis, 20
military, 20
supplier, 20
roller, 20
leaves, 20
mrs, 20
pieces, 20
crosses, 20
colouring, 20
clark, 20
melted, 20
kids, 20
kits, 20
volleyball, 19
ladybug, 19
confetti, 19
window, 19
penguin, 19
grape, 19
assorted, 19
swirl, 19
lady, 19
ghirardelli, 19
liberty, 19
ballet, 19
chick, 19
plate, 19
shark, 19
genie, 19
onesie, 19
machines, 19
denver, 19
island, 19
sparkle, 19
labrador, 19
egyptian, 19
whole, 19
cough, 19
caramels, 19
gloves, 19
60, 19
bakeware, 18
flavouring, 18
clay, 18
horn, 18
colada, 18
have, 18
doilies, 18
melters, 18
pour, 18
candymolds, 18
butthole, 18
personalized, 18
spiderman, 18
roses, 18
thin, 18
turkey, 18
teacher, 18
cand, 18
patricks, 18
base, 18
silcone, 18
wing, 18
bus, 18
vegas, 18
brush, 18
barbie, 18
cheerleader, 18
grad, 18
lily, 18
bells, 17
creature, 17
salon, 17
wolf, 17
container, 17
rated, 17
space, 17
isomalt, 17
clown, 17
poker, 17
luau, 17
puppy, 17
toffee, 17
cards, 17
ems, 17
erotic, 17
wrapping, 17
lolipops, 17
cholate, 17
naughty, 17
does, 17
dragonfly, 17
mac, 17
finger, 17
chef, 17
chocholate, 17
push, 17
spoon, 17
pretzels, 17
anchors, 17
tobacco, 17
race, 17
chanel, 17
chili, 17
wings, 17
hummingbird, 17
bowl, 17
buffet, 17
need, 17
sheriff, 17
nursing, 17
witch, 17
individual, 17
lbs, 16
la, 16
solid, 16
panda, 16
o, 16
insect, 16
pine, 16
fox, 16
twist, 16
anus, 16
industrial, 16
without, 16
trolls, 16
cheapest, 16
skateboard, 16
mols, 16
glucose, 16
accs, 16
cavities, 16
sets, 16
fine, 16
bike, 16
bootie, 16
beauty, 16
frame, 16
sugars, 16
gelatin, 16
vader, 16
whale, 16
darth, 16
neon, 16
shrimp, 16
hands, 16
las, 16
tropical, 16
slipper, 16
bark, 16
bunnies, 16
rods, 16
w, 16
magnetic, 16
its, 16
40, 16
cheerleading, 16
pastel, 16
pin, 15
acid, 15
shoppe, 15
tall, 15
gelatinas, 15
rum, 15
masks, 15
alabama, 15
fall, 15
hammer, 15
squares, 15
robot, 15
patrick, 15
stylist, 15
boiler, 15
puzzle, 15
dum, 15
camdy, 15
soldiers, 15
nut, 15
kitty, 15
falcon, 15
justice, 15
rainbow, 15
business, 15
symbol, 15
bees, 15
brick, 15
guard, 15
booties, 15
were, 15
drops, 15
bakers, 15
area, 15
mi, 15
dead, 15
fishing, 15
design, 15
funnel, 15
praying, 15
retirement, 15
pina, 15
marine, 15
donde, 15
batter, 15
ocean, 15
pounds, 15
them, 14
mn, 14
sweets, 14
salt, 14
bears, 14
barrel, 14
cacao, 14
modes, 14
liner, 14
thanksgiving, 14
glassine, 14
chicago, 14
camera, 14
chocolaye, 14
bass, 14
cub, 14
plane, 14
snowman, 14
concentrate, 14
discount, 14
elephants, 14
lamp, 14
spinner, 14
mom, 14
hello, 14
coast, 14
display, 14
boobie, 14
k, 14
deluxe, 14
4th, 14
2105, 14
saucer, 14
dough, 14
retriever, 14
county, 14
springform, 14
wintergreen, 14
rounds, 14
ears, 14
hill, 14
dinosaurs, 14
wrapper, 14
tx, 14
yogurt, 14
ediable, 13
strength, 13
carmel, 13
lot, 13
molder, 13
puck, 13
other, 13
2115, 13
cute, 13
hole, 13
michigan, 13
crayola, 13
cordial, 13
eatable, 13
papers, 13
dogs, 13
turquoise, 13
gray, 13
favor, 13
country, 13
east, 13
makers, 13
jewish, 13
moles, 13
0, 13
ma, 13
antler, 13
1st, 13
showers, 13
caps, 13
customized, 13
nc, 13
blow, 13
columbus, 13
cane, 13
oh, 13
comprar, 13
blackberry, 13
ark, 13
statues, 13
jars, 13
portland, 13
horses, 13
building, 13
grease, 13
clam, 13
inc, 13
things, 13
shot, 13
west, 13
mild, 13
csndy, 13
chefmaster, 13
lizard, 13
candie, 13
ducky, 13
shredded, 13
dance, 13
picks, 13
stand, 12
pots, 12
scottie, 12
designer, 12
abc, 12
maroon, 12
h, 12
bridge, 12
novelty, 12
states, 12
teletubbies, 12
onyx, 12
look, 12
mexican, 12
celebrate, 12
coins, 12
tiara, 12
chocolare, 12
ear, 12
dryer, 12
8h, 12
sequin, 12
out, 12
parrish's, 12
tire, 12
cock, 12
decor, 12
classic, 12
canada, 12
standard, 12
boat, 12
art, 12
brand, 12
temper, 12
scales, 12
creations, 12
craft, 12
chocloate, 12
trophy, 12
monogram, 12
heat, 12
candyland, 12
sunshine, 12
zodiac, 12
fun, 12
tube, 12
ass, 12
button, 12
soluble, 12
jersey, 12
b, 12
university, 12
brownie, 12
movie, 12
pear, 12
100, 12
decorative, 12
circus, 12
propylene, 12
watch, 12
glycol, 12
ideas, 12
companies, 12
iron, 12
middle, 12
cast, 12
cocktails, 12
55, 12
indiana, 12
globe, 12
concepts, 12
pittsburgh, 12
trucks, 12
dolls, 12
rings, 12
bicarbonate, 12
lolli, 12
wa, 11
dipped, 11
blommer, 11
goat, 11
nutcracker, 11
pancake, 11
heavy, 11
sold, 11
daddios, 11
creatures, 11
hebrew, 11
martini, 11
70, 11
united, 11
guitard, 11
cones, 11
poly, 11
punch, 11
pug, 11
washington, 11
torso, 11
scenes, 11
specialty, 11
bakemate, 11
wilton's, 11
watkins, 11
x3, 11
local, 11
11, 11
packaging, 11
circles, 11
anodized, 11
platform, 11
makes, 11
pistachio, 11
mo, 11
frogs, 11
g, 11
cola, 11
fry, 11
r, 11
chocoate, 11
mason, 11
jar, 11
sixteen, 11
hershey, 11
count, 11
pills, 11
plaster, 11
80, 11
superhero, 11
root, 11
put, 11
kind, 11
german, 11
wwe, 11
60th, 11
manufacturers, 11
fossil, 11
gator, 11
p, 11
rifle, 11
california, 11
tub, 11
chocolte, 11
piping, 11
cornucopia, 11
en, 11
lightning, 11
alien, 11
poop, 11
koala, 11
bugs, 11
they, 11
houston, 11
power, 11
part, 11
jalapeno, 11
gliter, 11
90th, 10
flame, 10
summer, 10
jumbo, 10
wheels, 10
scalloped, 10
irish, 10
center, 10
church, 10
u, 10
arts, 10
soda, 10
rhino, 10
pie, 10
fold, 10
paintbrush, 10
chocolatemolds, 10
bolt, 10
hero, 10
ready, 10
buttery, 10
palette, 10
wilson, 10
20, 10
circular, 10
scroll, 10
az, 10
4x4, 10
florida, 10
spiders, 10
reproduction, 10
instrument, 10
very, 10
doctor, 10
crossbones, 10
chocalte, 10
dutch, 10
vapor, 10
woman, 10
spearmint, 10
dowels, 10
only, 10
four, 10
cigars, 10
louis, 10
cowboys, 10
torah, 10
sitting, 10
female, 10
mist, 10
beast, 10
ten, 10
triangle, 10
catalogs, 10
planet, 10
earth, 10
molders, 10
product, 10
side, 10
acorn, 10
claddagh, 10
tack, 10
atlanta, 10
transfer, 10
teardrop, 10
separator, 10
surfboard, 10
ri, 10
cover, 10
clips, 10
coated, 10
retail, 10
an, 10
30, 10
cheer, 10
department, 10
vegetable, 10
america, 10
mitzvah, 10
pacifier, 10
guttman, 10
apollo, 10
ky, 10
pokemon, 10
add, 10
fourth, 10
tragedy, 10
comedy, 10
lid, 10
computer, 10
handcuff, 10
tins, 10
which, 10
kansas, 10
mole, 10
ascorbic, 10
sailboat, 10
scallop, 10
fort, 9
45, 9
uk, 9
dachshund, 9
breakup, 9
pennis, 9
mother, 9
cool, 9
grams, 9
guns, 9
gymnastic, 9
cady, 9
tape, 9
parts, 9
sailor, 9
straight, 9
special, 9
vinyl, 9
moana, 9
mannequin, 9
christian, 9
into, 9
time, 9
club, 9
va, 9
morsels, 9
warmer, 9
noah's, 9
tampa, 9
turtles, 9
indian, 9
safe, 9
alcohol, 9
writer, 9
pooh, 9
shine, 9
doggie, 9
lozenge, 9
language, 9
rabbits, 9
cleveland, 9
patch, 9
tulsa, 9
gumdrop, 9
knife, 9
bullet, 9
gummies, 9
cell, 9
ninja, 9
concentrated, 9
metalic, 9
luster, 9
parties, 9
milds, 9
over, 9
puedo, 9
holly, 9
ladies, 9
supplys, 9
cherub, 9
fd&c, 9
walnut, 9
kosher, 9
easy, 9
stethoscope, 9
grand, 9
strawberries, 9
lead, 9
rattle, 9
fidget, 9
nfl, 9
jack, 9
magicline, 9
candymaking, 9
ga, 9
oregon, 9
cassette, 9
cartoon, 9
enhancer, 9
using, 9
looks, 9
&amp, 9
sheets, 9
centerpieces, 9
wizard, 9
daddio, 9
case, 9
puerto, 9
loran, 9
distributors, 9
wood, 9
nail, 9
baton, 9
doo, 8
pony, 8
places, 8
as, 8
bull, 8
sparkly, 8
mousse, 8
tablet, 8
lancaster, 8
crawfish, 8
kentucky, 8
dicks, 8
bachelor, 8
weave, 8
comunion, 8
typewriter, 8
chocolste, 8
commandment, 8
plum, 8
terrier, 8
three, 8
cabbage, 8
ne, 8
celtic, 8
goose, 8
minneapolis, 8
retro, 8
peace, 8
eyeballs, 8
bay, 8
resistant, 8
player, 8
multi, 8
resin, 8
baker's, 8
instructions, 8
tech, 8
phoenix, 8
sided, 8
real, 8
awards, 8
spaceship, 8
world, 8
rocking, 8
wonderland, 8
toothpicks, 8
alice, 8
people, 8
pinecone, 8
temple, 8
*, 8
lighthouse, 8
discounts, 8
artificial, 8
casting, 8
shield, 8
dc, 8
factory, 8
john, 8
hulk, 8
way, 8
gelatina, 8
he, 8
7x3, 8
disks, 8
parish, 8
classes, 8
dish, 8
imitation, 8
modeling, 8
culinary, 8
band, 8
claus, 8
heads, 8
mario, 8
cincinnati, 8
shapped, 8
dowel, 8
pregnant, 8
macarons, 8
sport, 8
powders, 8
5lb, 8
slime, 8
gingerbread, 8
el, 8
field, 8
gumpaste, 8
philadelphia, 8
seeds, 8
etc, 8
hills, 8
create, 8
candymold, 8
tubes, 8
ducks, 8
asshole, 8
cholcolate, 8
moldd, 8
women, 8
steampunk, 8
list, 8
lake, 8
menthe, 8
miniture, 8
cig, 8
bouquet, 8
tweety, 8
louisville, 8
sc, 8
winnie, 8
ct, 8
mother's, 8
sized, 8
seattle, 8
ambulance, 8
boston, 8
scooby, 8
tiki, 8
iowa, 8
torre, 8
eyeball, 8
confectionary, 7
free, 7
saint, 7
drama, 7
booty, 7
sonoma, 7
park, 7
diy, 7
bottle, 7
1.5, 7
pads, 7
ameri, 7
scented, 7
gear, 7
barn, 7
diameter, 7
stone, 7
c&k, 7
goody, 7
cowgirl, 7
colours, 7
cob, 7
be, 7
reveal, 7
marshmellow, 7
ok, 7
antonio, 7
cnady, 7
teeth, 7
deco, 7
icecream, 7
sunflowers, 7
ordering, 7
il, 7
flops, 7
saints, 7
bible, 7
south, 7
any, 7
brooklyn, 7
bingo, 7
velvet, 7
angels, 7
lingerie, 7
4.5, 7
exclusive, 7
solo, 7
tuxedo, 7
pen, 7
spartan, 7
shipping, 7
poodle, 7
cradle, 7
orlando, 7
deals, 7
cholocate, 7
cm, 7
ia, 7
hazelnut, 7
pillars, 7
emt, 7
peters, 7
uses, 7
welcome, 7
ejuice, 7
domino, 7
huge, 7
bucket, 7
nonstick, 7
16oz, 7
patty, 7
cale, 7
type, 7
gymnast, 7
humpty, 7
dumpty, 7
melon, 7
dino, 7
male, 7
f, 7
instant, 7
cigarette, 7
dot, 7
cosmetic, 7
inexpensive, 7
hexagon, 7
des, 7
au, 7
10x10x3, 7
corset, 7
utah, 7
colorings, 7
spherical, 7
emulsions, 7
commandments, 7
temp, 7
emblem, 7
colour, 7
peppa, 7
etsy, 7
panorama, 7
warehouse, 7
loranne, 7
materials, 7
chcoclate, 7
year, 7
dominoes, 7
millennium, 7
y, 7
thermometer, 7
additive, 7
seuss, 7
hacer, 7
days, 7
jewels, 7
confectioners, 7
medal, 7
away, 7
handbag, 7
pocahontas, 7
buck, 7
22, 7
corgi, 7
brands, 7
panther, 7
greyhound, 7
norpro, 7
curling, 7
westie, 7
lollipo, 7
disc, 7
pecan, 7
otter, 7
tragacanth, 7
minnesota, 7
lantern, 7
purim, 7
bowtie, 7
pinata, 7
toxic, 7
gems, 7
ski, 7
derby, 7
francisco, 6
graduate, 6
oblong, 6
jeteven, 6
dump, 6
licorice, 6
dirty, 6
deere, 6
tear, 6
domes, 6
premium, 6
holder, 6
megaphone, 6
tn, 6
wrapped, 6
lorann's, 6
anatomy, 6
george, 6
reusable, 6
rustic, 6
pearlized, 6
kewpie, 6
chocokate, 6
why, 6
bows, 6
j, 6
muscle, 6
longhorn, 6
daniel, 6
plaque, 6
babyshower, 6
swimming, 6
asl, 6
tennessee, 6
stencil, 6
rocks, 6
zelda, 6
buttons, 6
mcstuffin, 6
candys, 6
9x2, 6
paso, 6
peter, 6
molda, 6
layer, 6
sombrero, 6
smoother, 6
scraper, 6
soap, 6
carrying, 6
chunks, 6
scent, 6
rosebud, 6
mayo, 6
moines, 6
cinco, 6
tank, 6
valley, 6
camel, 6
eastern, 6
antlers, 6
airplanes, 6
effiel, 6
cucumber, 6
transformer, 6
heeled, 6
nashville, 6
carrier, 6
style, 6
gummie, 6
website, 6
additives, 6
mustang, 6
z, 6
girls, 6
when, 6
cabdy, 6
suger, 6
hobby, 6
lobby, 6
crispy, 6
supper, 6
last, 6
virginia, 6
crib, 6
aid, 6
emmy, 6
eye, 6
stuff, 6
lawyer, 6
occasion, 6
shops, 6
wraps, 6
open, 6
georgia, 6
partition, 6
spring, 6
vs, 6
waxed, 6
razorback, 6
ft, 6
oriental, 6
trading, 6
bombones, 6
swimmer, 6
14x14x3, 6
wrap, 6
violin, 6
bumblebee, 6
hibiscus, 6
dusting, 6
pj, 6
toppings, 6
forest, 6
hologram, 6
biscuit, 6
adults, 6
truffles, 6
dried, 6
inserts, 6
catans, 6
stegosaurus, 6
pat, 6
boobs, 6
port, 6
charlotte, 6
dental, 6
orchid, 6
praline, 6
carries, 6
clef, 6
numerical, 6
college, 6
williams, 6
bitesize, 6
olds, 6
kangaroo, 6
toys, 6
tomric, 6
orleans, 6
congratulations, 6
ships, 6
snoopy, 6
paws, 6
gender, 6
broom, 6
shavings, 6
garbage, 6
premade, 6
grain, 6
copyrighted, 6
holders, 6
edibles, 6
unsweetened, 6
artist, 6
editable, 6
calla, 6
hogan, 6
chocoalte, 6
elk, 6
moustache, 6
superior, 6
name, 6
sweetened, 6
crisp, 6
9x13, 6
say, 6
dancer, 6
initials, 6
dresser, 6
coco, 6
cannons, 6
bowls, 6
carton, 6
great, 6
filigree, 6
wisconsin, 6
sandy, 6
mokd, 6
baggies, 6
cubes, 6
dildo, 6
crumble, 6
related, 6
autism, 6
80th, 6
pickup, 6
looney, 6
has, 6
beard, 6
mountain, 6
canoe, 6
cocolate, 6
1lb, 6
wreath, 6
rouge, 6
fork, 6
transportation, 6
quarter, 5
bob, 5
oklahoma, 5
wild, 5
pipe, 5
sponge, 5
eifel, 5
bulb, 5
bundt, 5
pain, 5
bling, 5
12x3, 5
hi, 5
vehicle, 5
run, 5
spice, 5
madeleine, 5
makeing, 5
pewter, 5
confection, 5
peppers, 5
standing, 5
modern, 5
phone, 5
pc, 5
flexi, 5
oasis, 5
holding, 5
scale, 5
aspirin, 5
dolphins, 5
dropper, 5
candied, 5
pistoles, 5
warming, 5
beta, 5
pouring, 5
fireworks, 5
swedish, 5
horseshoes, 5
heater, 5
onsie, 5
pre, 5
olive, 5
tunes, 5
collectibles, 5
4mm, 5
mm, 5
mens, 5
bavarian, 5
controller, 5
voorhees, 5
pavoni, 5
regal, 5
x2, 5
theatre, 5
wv, 5
confections, 5
fin, 5
12x12x6, 5
insert, 5
pickle, 5
worm, 5
silcon, 5
chocolae, 5
krispie, 5
chester, 5
andy, 5
chocolatr, 5
carriers, 5
pad, 5
cosmetics, 5
18x24, 5
cats, 5
1000, 5
dane, 5
medallion, 5
holloween, 5
hog, 5
sword, 5
lids, 5
lemonade, 5
pretzle, 5
xxx, 5
buttered, 5
shopkins, 5
cruise, 5
cook, 5
$1, 5
gmo, 5
signs, 5
figure, 5
karate, 5
engine, 5
amazon, 5
clubhouse, 5
donut, 5
astronaut, 5
chunky, 5
drink, 5
21, 5
germany, 5
mol, 5
wi, 5
merkens, 5
loli, 5
quinceanera, 5
gavel, 5
types, 5
flexable, 5
stroller, 5
apricot, 5
market, 5
chocolatw, 5
aluminium, 5
petite, 5
barnyard, 5
fairy, 5
lab, 5
roll, 5
scarecrow, 5
snow, 5
cndy, 5
furniture, 5
lilac, 5
poppy, 5
125, 5
guitars, 5
michael, 5
queen, 5
duty, 5
some, 5
frozen, 5
shiny, 5
onesies, 5
north, 5
chochlate, 5
fillings, 5
feves, 5
still, 5
candt, 5
buckeyes, 5
cylinder, 5
couverture, 5
carnation, 5
cutting, 5
calculator, 5
dirt, 5
carnival, 5
hedgehog, 5
crazy, 5
mods, 5
hydrant, 5
mail, 5
tombstone, 5
jacksonville, 5
fillable, 5
blaze, 5
shovel, 5
owls, 5
polish, 5
largest, 5
backyardigans, 5
disk, 5
but, 5
dipper, 5
eggnog, 5
ornament, 5
victorian, 5
10x15x2, 5
85, 5
aligator, 5
eagles, 5
shortcake, 5
storage, 5
crescent, 5
crowns, 5
50's, 5
beans, 5
popular, 5
law, 5
stamp, 5
uline, 5
gnome, 5
clearance, 5
coach, 5
070, 5
than, 5
japanese, 5
pool, 5
trees, 5
barry, 5
theater, 5
penny, 5
carry, 5
bits, 5
centers, 5
money, 5
salted, 5
cansy, 5
central, 5
hartshorn, 5
mailbox, 5
violet, 5
amaretto, 5
realistic, 5
cakepop, 5
75, 5
lexington, 5
beads, 5
clock, 5
drum, 5
restaurant, 5
smiley, 5
traditional, 5
al, 5
google, 5
freemason, 5
martellato, 5
jukebox, 5
pet, 5
1g, 5
tempered, 5
machinery, 5
tangerine, 5
sandal, 5
kissing, 4
phi, 4
yang, 4
sides, 4
74, 4
huron, 4
leprechaun, 4
not, 4
goldfish, 4
buying, 4
64, 4
mary, 4
loranns, 4
parchment, 4
adding, 4
wdible, 4
maryland, 4
vendors, 4
goodie, 4
pucks, 4
snowmobile, 4
five, 4
micky, 4
sharing, 4
funny, 4
heal, 4
viking, 4
scouts, 4
marines, 4
many, 4
betty, 4
just, 4
hallow, 4
dragons, 4
weight, 4
custome, 4
edge, 4
molfs, 4
succulent, 4
capitol, 4
cougar, 4
tier, 4
mechanic, 4
surprise, 4
ms, 4
pencil, 4
baby's, 4
cosmetology, 4
off, 4
vampire, 4
m&m, 4
fries, 4
lauderdale, 4
deck, 4
eid, 4
want, 4
passover, 4
9x3, 4
48, 4
capacity, 4
hold, 4
lolypop, 4
dalmatian, 4
desert, 4
bandaid, 4
pudding, 4
yeast, 4
floss, 4
chihuahua, 4
greenville, 4
amounts, 4
nonpareil, 4
copper, 4
chic, 4
digital, 4
kroger, 4
moulding, 4
sizes, 4
corps, 4
jewelry, 4
includes, 4
prd, 4
national, 4
monsters, 4
skating, 4
keys, 4
barber, 4
manufacturer, 4
parrot, 4
kahlua, 4
poured, 4
sanded, 4
fryer, 4
hear, 4
pharmacy, 4
crepe, 4
dollars, 4
https, 4
automatic, 4
waffers, 4
32, 4
forma, 4
foe, 4
$2, 4
stopper, 4
dusk, 4
mothers, 4
dyes, 4
numbered, 4
bud, 4
th, 4
travel, 4
streamers, 4
callebaut, 4
firetruck, 4
ebay, 4
f�ves, 4
micheals, 4
dancing, 4
teaspoon, 4
cart, 4
brandy, 4
edable, 4
reindeer, 4
hemisphere, 4
propeller, 4
wagon, 4
wholesalers, 4
topping, 4
sleeping, 4
nonpareils, 4
grapefruit, 4
mortar, 4
schnauzer, 4
12x12, 4
v, 4
chocolete, 4
flavours, 4
sweettreatsupply, 4
sealed, 4
protective, 4
imprinted, 4
8x2, 4
section, 4
cakepan, 4
rican, 4
carrots, 4
crust, 4
jeep, 4
compartment, 4
sacramento, 4
comb, 4
chololate, 4
crabs, 4
walmart, 4
liqueur, 4
oven, 4
proof, 4
duckie, 4
rangers, 4
eat, 4
figurine, 4
gram, 4
stencils, 4
jesus, 4
volksrose, 4
faces, 4
random, 4
robin, 4
136, 4
gate, 4
9x12x2, 4
glotter, 4
rico, 4
pump, 4
maine, 4
richmond, 4
sandals, 4
12x18x2, 4
hamsa, 4
flying, 4
reptile, 4
ceramic, 4
reese's, 4
gifts, 4
huggable, 4
beverages, 4
sunglasses, 4
bagel, 4
mokds, 4
100th, 4
decopac, 4
16x24x2, 4
axe, 4
bonbon, 4
nv, 4
spa, 4
cathy, 4
skates, 4
17, 4
omaha, 4
dinasaur, 4
vase, 4
semisweet, 4
genital, 4
start, 4
years, 4
ruffle, 4
designed, 4
styrofoam, 4
nerf, 4
ac, 4
pigs, 4
dumont, 4
boom, 4
surf, 4
wooden, 4
fill, 4
7x2, 4
merckens, 4
twin, 4
platter, 4
concentrates, 4
fence, 4
mass, 4
whipped, 4
choloate, 4
designs, 4
minature, 4
cockroach, 4
master, 4
1911, 4
brass, 4
pretty, 4
eddible, 4
actual, 4
aromatherapy, 4
panaramic, 4
words, 4
mcqueen, 4
polar, 4
alcoholic, 4
fir, 4
lei, 4
photos, 4
olympic, 4
diarama, 4
9x13x2, 4
height, 4
canton, 4
foam, 4
balloons, 4
salem, 4
hexagonal, 4
variety, 4
archery, 4
package, 4
delaware, 4
thomas, 4
nike, 4
lor, 4
foodcoloring, 4
powered, 4
spokane, 4
fly, 4
2.5, 4
lds, 4
france, 4
cloves, 4
6x6, 4
slices, 4
oul, 4
edibke, 4
video, 4
baroque, 4
syracuse, 4
21st, 4
glasses, 4
maltese, 4
toledo, 4
wrist, 4
twisting, 4
press, 4
sugared, 4
cd, 4
sky, 4
sexual, 4
bullets, 4
concrete, 4
scottish, 4
12x12x3, 4
knight, 4
lait, 4
7.57E+11, 4
stilleto, 4
1oz, 4
cske, 4
bebe, 4
chocolaate, 4
prime, 4
fountain, 4
most, 4
suplies, 4
medicine, 4
inital, 4
nolds, 4
xandy, 4
camping, 4
hippo, 4
paramont, 4
graduations, 4
chalice, 4
cancy, 4
slot, 4
avengers, 4
accesories, 4
sleigh, 4
xrated, 4
lace, 4
would, 4
dad, 4
concept, 4
mermaids, 4
llama, 4
haunted, 4
seal, 4
fragrance, 4
xbox, 4
wand, 4
blossom, 4
pinapple, 4
airforce, 4
nestle, 4
bamboo, 3
chesse, 3
jo, 3
40th, 3
wildlife, 3
10x10, 3
surgar, 3
buckeye, 3
dentist, 3
skye, 3
service, 3
goalie, 3
european, 3
shotgun, 3
rim, 3
3mm, 3
plam, 3
beeper, 3
mettalic, 3
bites, 3
snail, 3
hs, 3
chicolaye, 3
coloting, 3
tubs, 3
reunion, 3
slicone, 3
swuare, 3
mfg, 3
alf, 3
nutrition, 3
turn, 3
camper, 3
pantastic, 3
5730, 3
spheres, 3
pro, 3
lincoln, 3
anton, 3
xadult, 3
reiche, 3
commerical, 3
every, 3
phantom, 3
calligraphy, 3
temperature, 3
martial, 3
36, 3
9830, 3
giants, 3
yin, 3
50s, 3
soaps, 3
heroes, 3
fight, 3
tutti, 3
rollerblade, 3
okc, 3
policarbonato, 3
alluminum, 3
precios, 3
jiggler, 3
weapons, 3
silikomart, 3
spectrum, 3
vapes, 3
cashew, 3
altoona, 3
takers, 3
desserts, 3
elf, 3
meltable, 3
ernie, 3
fighter, 3
lorraine, 3
liqua, 3
code, 3
rapids, 3
notre, 3
dame, 3
trayd, 3
ant, 3
bobber, 3
frostings, 3
lifting, 3
gradustion, 3
attorney, 3
ones, 3
carolina, 3
marzipan, 3
mollds, 3
aa, 3
major, 3
league, 3
nest, 3
through, 3
cubs, 3
siliconezone, 3
reeses, 3
each, 3
drums, 3
chocolatemold, 3
willton, 3
leaning, 3
ants, 3
vuitton, 3
pumkin, 3
manufactures, 3
blush, 3
cowboyboot, 3
insects, 3
zombie, 3
fazer, 3
will, 3
perfect, 3
global, 3
slug, 3
pisa, 3
gallons, 3
pralines, 3
kors, 3
12mm, 3
porcelain, 3
austin, 3
parmount, 3
marvel, 3
natical, 3
mallard, 3
assembly, 3
doves, 3
fruity, 3
500, 3
already, 3
whiskey, 3
airfryer, 3
jooblers, 3
im, 3
carotene, 3
spatulas, 3
enforcement, 3
cristals, 3
dracula, 3
mexico, 3
anyone, 3
1.99, 3
covering, 3
softball, 3
sharp, 3
colorant, 3
mod, 3
cohocolate, 3
shepherd, 3
lolliop, 3
anatomically, 3
release, 3
teenage, 3
elvis, 3
3x2, 3
peeps, 3
max, 3
eiffle, 3
northeast, 3
denture, 3
floral, 3
28, 3
treble, 3
cherries, 3
candu, 3
honeycomb, 3
birds, 3
sealife, 3
prayer, 3
item, 3
peanuts, 3
l, 3
orthodox, 3
moold, 3
down, 3
david, 3
outside, 3
nevada, 3
toothbrush, 3
nativity, 3
keyboard, 3
canna, 3
hairdressing, 3
matfer, 3
thick, 3
seasonal, 3
hinged, 3
caduceus, 3
bottomless, 3
wichita, 3
opal, 3
script, 3
model, 3
oan, 3
fluid, 3
ounces, 3
ckproducts, 3
whete, 3
rare, 3
bulks, 3
sunglass, 3
rope, 3
neighborhood, 3
polka, 3
lillipop, 3
target, 3
sigar, 3
friends, 3
diaper, 3
says, 3
amonia, 3
19, 3
comestible, 3
gemstone, 3
tahitian, 3
breakfast, 3
beaver, 3
citric, 3
tyrannosaurus, 3
rosas, 3
choklit, 3
lozenges, 3
confirmation, 3
crunch, 3
trailer, 3
roadster, 3
route, 3
$3, 3
ford, 3
plasic, 3
greensburg, 3
decorate, 3
strips, 3
aqua, 3
6x3, 3
stop, 3
bison, 3
jet, 3
sperm, 3
duncan, 3
walton, 3
rugrat, 3
silacone, 3
trumpet, 3
corrugated, 3
edition, 3
running, 3
limited, 3
10lb, 3
stanley, 3
49, 3
tarts, 3
somerville, 3
flamingos, 3
16th, 3
loose, 3
this, 3
compounds, 3
08886, 3
cannon, 3
racquet, 3
writers, 3
greeting, 3
viennese, 3
ruffles, 3
wiener, 3
lollipos, 3
disposal, 3
characters, 3
golfball, 3
dimensional, 3
liguid, 3
gummi, 3
statuette, 3
suit, 3
unbleached, 3
fresno, 3
saxophone, 3
menthol, 3
11.75, 3
depot, 3
edivle, 3
antioxidant, 3
waffle, 3
belleville, 3
polymer, 3
footprint, 3
shallow, 3
labadors, 3
peter's, 3
70th, 3
modls, 3
cows, 3
wrestler, 3
heros, 3
elegant, 3
prom, 3
medieval, 3
shopping, 3
kitchenware, 3
less, 3
eatible, 3
wonka, 3
word, 3
luge, 3
hanukkah, 3
symbols, 3
ecig, 3
minion, 3
paleta, 3
butterflies, 3
pyramid, 3
brothers, 3
6x6x2, 3
safety, 3
columbia, 3
pallete, 3
wonder, 3
detroit, 3
mugs, 3
pacman, 3
ranger, 3
trout, 3
horehound, 3
stamps, 3
hardcandy, 3
cold, 3
riverside, 3
doily, 3
rolls, 3
venden, 3
shortbread, 3
gatsby, 3
complete, 3
hocolate, 3
75th, 3
figures, 3
oahu, 3
hop, 3
12oz, 3
mega, 3
wayne, 3
choclolate, 3
minions, 3
straws, 3
fluted, 3
2inch, 3
mobile, 3
spooky, 3
lolllipop, 3
winston, 3
atom, 3
frutti, 3
scotty, 3
edibal, 3
tienda, 3
charleston, 3
purses, 3
spine, 3
spades, 3
kitten, 3
flexiblemolds, 3
rectangles, 3
efible, 3
carmine, 3
racecar, 3
2b, 3
covers, 3
naturals, 3
rasberry, 3
handle, 3
celo, 3
2pcs, 3
shie, 3
clubs, 3
dalmation, 3
quail, 3
jackson, 3
18x12x2, 3
flavour, 3
clowns, 3
willy, 3
officer, 3
creamy, 3
flute, 3
pcs, 3
lollie, 3
ladybugs, 3
candybar, 3
fda, 3
iris, 3
momds, 3
miles, 3
latge, 3
per, 3
lollypops, 3
colonel, 3
lightbulb, 3
icecube, 3
paisley, 3
odd, 3
nautica, 3
kinder, 3
dogbone, 3
grasshopper, 3
coffins, 3
rain, 3
low, 3
specks, 3
skyline, 3
italian, 3
bottoms, 3
handgun, 3
cluster, 3
relaxation, 3
butavan, 3
recipe, 3
solar, 3
zip, 3
kissy, 3
pocketbook, 3
breed, 3
palace, 3
12x2, 3
profesional, 3
fluer, 3
cork, 3
blood, 3
handmade, 3
fo, 3
chevy, 3
chino, 3
teapots, 3
berries, 3
numeric, 3
ks, 3
teletubbie, 3
chocolatiere, 3
delivery, 3
autumn, 3
next, 3
selection, 3
chocilate, 3
mitt, 3
cut, 3
starch, 3
thc, 3
instead, 3
english, 3
teachers, 3
staten, 3
crocodile, 3
cotten, 3
scissor, 3
35, 3
ontario, 3
electronic, 3
broomstick, 3
beautiful, 3
selling, 3
wht, 3
footbal, 3
trombone, 3
glitters, 3
cocktail, 3
generic, 3
foods, 3
empire, 3
traverse, 3
bunnys, 3
boo, 3
eyelash, 3
glock, 3
cinimon, 3
larger, 3
rhinoceros, 3
slippers, 3
4oz, 3
missouri, 3
millenium, 3
chestnut, 3
frames, 3
vermont, 3
science, 3
9x9x3, 3
memphis, 3
petit, 3
spade, 3
augar, 3
shaoed, 3
candymelts, 3
vehicles, 3
99, 3
boynton, 3
image, 3
flipflop, 3
stem, 3
tupperware, 3
microwave, 3
secret, 3
victoria, 3
puff, 3
manufacture, 3
material, 3
dishes, 3
prepared, 3
queens, 3
swirls, 3
shore, 3
slice, 3
leveler, 3
vegan, 3
casket, 3
could, 2
guinea, 2
african, 2
chilli, 2
moulder, 2
esible, 2
footprints, 2
lg, 2
sales, 2
11x15, 2
chocolatee, 2
buttercup, 2
belgian, 2
railroad, 2
track, 2
kokoleka, 2
plumbing, 2
teacups, 2
penies, 2
moolds, 2
goldleaf, 2
ds, 2
spanish, 2
diva, 2
linebread, 2
silkomart, 2
crytals, 2
onsies, 2
shopkin, 2
checkerboard, 2
freeze, 2
crucifix, 2
signature, 2
kangroo, 2
appliques, 2
designing, 2
vibrant, 2
bachelor's, 2
quantities, 2
well, 2
team, 2
gorant, 2
candymoldnmore, 2
budha, 2
chain, 2
mount, 2
pair, 2
wegmans, 2
terpenes, 2
doe, 2
themes, 2
plant, 2
salmon, 2
soleil, 2
du, 2
coucher, 2
sugat, 2
icey, 2
gardenia, 2
peek, 2
eastercandy, 2
emultion, 2
hen, 2
rotary, 2
baseboard, 2
thickness, 2
outer, 2
rollerskate, 2
bought, 2
suns, 2
daffodil, 2
doggy, 2
websites, 2
10.5, 2
suga, 2
wher, 2
octopus, 2
barley, 2
bench, 2
status, 2
milwaukee, 2
wis, 2
lacross, 2
locust, 2
approved, 2
mds, 2
family, 2
inspired, 2
records, 2
something, 2
invertase, 2
lifesaver, 2
chocolatiers, 2
cyber, 2
joker, 2
candymaker, 2
legend, 2
14x14, 2
loving, 2
plug, 2
heb, 2
hook, 2
itty, 2
bitty, 2
bros, 2
sorting, 2
plasric, 2
blackwalnut, 2
islamic, 2
sweettreats, 2
bernard, 2
season, 2
simple, 2
krispies, 2
cracker, 2
kera, 2
twistie, 2
makig, 2
handprint, 2
swans, 2
edibl, 2
12x16x3, 2
excotic, 2
sticky, 2
liquer, 2
sunrise, 2
mets, 2
wave, 2
hookah, 2
reaper, 2
backing, 2
pumpkins, 2
grim, 2
spirits, 2
pole, 2
5654ck, 2
scorpion, 2
dig, 2
smoke, 2
mans, 2
4in, 2
volcano, 2
sosa, 2
malt, 2
take, 2
woodbury, 2
vacation, 2
pizookie, 2
preserve, 2
expensive, 2
phila, 2
broccoli, 2
acmoore, 2
arabic, 2
dor, 2
valrhona, 2
19x14x4, 2
pi, 2
filler, 2
pallets, 2
gorilla, 2
spinkles, 2
magnum, 2
ateco, 2
tinkerbell, 2
doberman, 2
eastr, 2
noahs, 2
li, 2
hing, 2
mui, 2
hawaii, 2
republican, 2
monument, 2
shuttle, 2
jkv, 2
honeybee, 2
mall, 2
les, 2
minis, 2
truffly, 2
chocklate, 2
helicopter, 2
crocker, 2
bons, 2
stuffin, 2
preferably, 2
mc, 2
2oz, 2
antiques, 2
20ml, 2
mintmolds, 2
chief, 2
manicure, 2
fridley, 2
bwb, 2
cavs, 2
mutant, 2
trolley, 2
sillicone, 2
constructions, 2
louann, 2
pouch, 2
elyria, 2
johnson, 2
motocycle, 2
ace, 2
cocunut, 2
primitives, 2
lock, 2
bbq, 2
gltter, 2
vosgienne, 2
vie, 2
cakegirls, 2
call, 2
x4, 2
leafs, 2
teddybear, 2
wayermelon, 2
odense, 2
eifell, 2
musk, 2
patterns, 2
flovor, 2
hydrangea, 2
silicona, 2
death, 2
warner, 2
chocoloate, 2
dip, 2
micheal, 2
seasoning, 2
ballons, 2
te, 2
onde, 2
airbrush, 2
chocolet, 2
cakepops, 2
transparent, 2
wilkes, 2
barre, 2
invader, 2
multicolor, 2
ucla, 2
md, 2
control, 2
anchorage, 2
necktie, 2
jongg, 2
available, 2
mah, 2
lynn's, 2
canyon, 2
sushi, 2
ramadan, 2
jefferson, 2
marble, 2
winter, 2
lollopop, 2
carmal, 2
wheeler, 2
doillies, 2
bada, 2
arlington, 2
ginger, 2
magnolia, 2
freshware, 2
8x8x2, 2
lucky, 2
4x6, 2
waffer, 2
stripes, 2
chickens, 2
patriots, 2
omega, 2
psi, 2
firemen, 2
engagment, 2
witon, 2
consumption, 2
suess, 2
rn, 2
glittwr, 2
warriors, 2
ut, 2
drizzle, 2
embed, 2
was, 2
sneaker, 2
titanium, 2
dioxide, 2
buds, 2
feeling, 2
chocale, 2
powderd, 2
norwood, 2
1�, 2
production, 2
flaoring, 2
cgold, 2
mixer, 2
merchandise, 2
utensils, 2
lotus, 2
buddha, 2
mauve, 2
chocolatte, 2
southwest, 2
pussy, 2
gels, 2
sonic, 2
shade, 2
suppies, 2
spear, 2
fair, 2
easteregg, 2
tutorial, 2
signed, 2
poinsettia, 2
253by, 2
hatter, 2
dairy, 2
mad, 2
ieffel, 2
nautilus, 2
fisherman, 2
mascarade, 2
boobies, 2
springfield, 2
indianapolis, 2
petersburg, 2
cranston, 2
hippopotamus, 2
fabrics, 2
stilettos, 2
glycerin, 2
mouldings, 2
stingray, 2
touch, 2
smelling, 2
salts, 2
saguaro, 2
polo, 2
price, 2
drams, 2
flavore, 2
policeman, 2
painter's, 2
clasen, 2
sail, 2
aroma, 2
belgium, 2
gitter, 2
wilmington, 2
relief, 2
spoons, 2
pterodactyl, 2
bill, 2
linneas, 2
lambs, 2
crane, 2
carrotts, 2
lakewood, 2
bridesmaid, 2
plus, 2
venetian, 2
stickers, 2
hlitter, 2
2x2, 2
shaving, 2
holo, 2
produce, 2
eatons, 2
sofia, 2
choocolate, 2
frie, 2
capella, 2
canes, 2
gardena, 2
poweder, 2
ape, 2
fathers, 2
usc, 2
emerald, 2
vikings, 2
models, 2
hines, 2
miscellaneous, 2
bradenton, 2
8oz, 2
die, 2
birthcontrol, 2
ncaa, 2
milton, 2
lori, 2
conseguir, 2
pens, 2
upc, 2
amonium, 2
stepping, 2
candi, 2
12x18, 2
goods, 2
sandwhich, 2
ester, 2
game, 2
tiffany's, 2
roanoke, 2
malenium, 2
international, 2
massachusetts, 2
swiss, 2
butts, 2
curls, 2
twirler, 2
spaniel, 2
areas, 2
coal, 2
sarasota, 2
whats, 2
haibei, 2
smoothchocolate, 2
microphone, 2
dominos, 2
10x, 2
flexiable, 2
akron, 2
panormaic, 2
captain, 2
chcocolate, 2
seller, 2
spinning, 2
collegiate, 2
cog, 2
mummy, 2
prism, 2
silhouette, 2
smaier, 2
jasmine, 2
cracked, 2
choxolate, 2
correct, 2
finding, 2
dory, 2
pepperoni, 2
freehand, 2
individually, 2
meltaway, 2
bundle, 2
3inch, 2
toad, 2
cakr, 2
4&quot, 2
loann, 2
taj, 2
mahal, 2
vols, 2
village, 2
bautizo, 2
x16, 2
nielsen, 2
massey, 2
ariel, 2
idaho, 2
holing, 2
cents, 2
lifter, 2
$2.00, 2
dulce, 2
leche, 2
chocalote, 2
6x2, 2
breasts, 2
showe, 2
should, 2
clip, 2
6x6x4, 2
x1, 2
5mil, 2
smaller, 2
beat, 2
perimont, 2
front, 2
banna, 2
crimson, 2
photo, 2
estella, 2
oak, 2
weird, 2
kinds, 2
flek, 2
disposible, 2
eucharist, 2
pluto, 2
rimming, 2
popsicles, 2
customizable, 2
grandfather, 2
edidable, 2
lobsters, 2
rhode, 2
7x4, 2
doughnuts, 2
instruments, 2
amazin, 2
cadabby, 2
abby, 2
$1.99, 2
dolly, 2
agult, 2
original, 2
pomeranian, 2
sutra, 2
1ozblack, 2
pointed, 2
leave, 2
aladdin, 2
vacuum, 2
morsel, 2
civil, 2
10x2, 2
similar, 2
shap, 2
luggage, 2
age, 2
acrylic, 2
franklin, 2
5.5, 2
cke, 2
williamsport, 2
nemo, 2
suits, 2
hobbies, 2
cupie, 2
goggles, 2
submarine, 2
sweetland, 2
greaseproof, 2
images, 2
mplds, 2
madeleines, 2
venus, 2
system, 2
tiger's, 2
buthole, 2
six, 2
saddle, 2
view, 2
huntington, 2
camouflage, 2
basic, 2
buckets, 2
s73, 2
bakeing, 2
nutmeg, 2
clusters, 2
beasea, 2
humming, 2
really, 2
cinnimon, 2
4cavity, 2
manufacturing, 2
$5.00, 2
plants, 2
niagara, 2
falls, 2
popples, 2
dentures, 2
platters, 2
arrows, 2
calisson, 2
penic, 2
prepare, 2
mcallen, 2
chrystals, 2
trick, 2
skiing, 2
broward, 2
muertos, 2
dia, 2
pets, 2
hourse, 2
social, 2
media, 2
barrels, 2
grown, 2
elsa, 2
arizona, 2
newyork, 2
18x3, 2
fexible, 2
taz, 2
ganache, 2
novelties, 2
syringe, 2
mixing, 2
candymelter, 2
unknown, 2
colering, 2
none, 2
least, 2
nice, 2
cumberland, 2
singles, 2
tempe, 2
rochester, 2
canndy, 2
d�nde, 2
snowflakes, 2
grapes, 2
strange, 2
gernade, 2
sculpture, 2
unusual, 2
play, 2
walt, 2
sweetworks, 2
toolbox, 2
celebration, 2
cubscout, 2
column, 2
diamonds, 2
10x10x4, 2
peel, 2
footballs, 2
chiclate, 2
spongebob, 2
vandy, 2
1x1, 2
vancouver, 2
lolopop, 2
sweater, 2
rhinocceros, 2
wafters, 2
mercken's, 2
hersheys, 2
springs, 2
sunny, 2
guittards, 2
spread, 2
lansing, 2
ypu, 2
shirt, 2
swirled, 2
album, 2
penquin, 2
companys, 2
kettlebell, 2
scissors, 2
postman, 2
figurines, 2
baked, 2
dancers, 2
eating, 2
streit's, 2
blogs, 2
rocketship, 2
macomb, 2
fla, 2
knot, 2
?????, 2
???, 2
sculptures, 2
upright, 2
ware, 2
guy, 2
casserole, 2
nordic, 2
moldin, 2
buddah, 2
strong, 2
magig, 2
daytona, 2
jujube, 2
wands, 2
fresh, 2
salons, 2
grid, 2
glow, 2
flecks, 2
bomb, 2
husky, 2
always, 2
smooth, 2
care, 2
source, 2
x13, 2
2pound, 2
wwf, 2
q, 2
jacobs, 2
lawn, 2
mower, 2
multiple, 2
jem, 2
stilletto, 2
periodic, 2
moldable, 2
celephane, 2
australia, 2
calif, 2
cans, 2
14in, 2
cm100, 2
empty, 2
chese, 2
cangy, 2
flack, 2
taste, 2
wilting, 2
tag, 2
baki, 2
tucson, 2
both, 2
skullcandy, 2
pansy, 2
paramon, 2
packing, 2
dresses, 2
sillicon, 2
beautician, 2
palate, 2
16g, 2
galletas, 2
cabin, 2
moldz, 2
x18, 2
grateful, 2
knitting, 2
assholes, 2
stamped, 2
sall, 2
creamcheese, 2
buttermint, 2
combinations, 2
sears, 2
pedestal, 2
fan, 2
sweat, 2
suply, 2
organization, 2
choclates, 2
come, 2
30mm, 2
goddess, 2
hip, 2
30th, 2
utensil, 2
turd, 2
putting, 2
spiral, 2
picnic, 2
jacket, 2
malvous, 2
peony, 2
arthur, 2
lios, 2
fighting, 2
rhombus, 2
diplomas, 2
cop, 2
tp, 2
16x24, 2
25lb, 2
stuffed, 2
doughnut, 2
cybr, 2
commion, 2
heman, 2
asian, 2
ocar, 2
stein, 2
hatboro, 2
suar, 2
plaques, 2
maui, 2
panning, 2
seed, 2
manalapan, 2
rapunzel, 2
plumber, 2
caligraphy, 2
trex, 2
mandolin, 2
seastar, 2
holesale, 2
northwest, 2
petal, 2
droppers, 2
daniels, 2
limo, 2
jelatina, 2
culver's, 2
dream, 2
vaping, 2
penny's, 2
pareils, 2
tuba, 2
salvation, 2
william, 2
blanc, 2
cloud, 2
rugrats, 2
creame, 2
edges, 2
6x6x3, 2
fireman's, 2
canadian, 2
albany, 2
sheepdog, 2
candykissmolds, 2
berry, 2
ingredient, 2
brontosaurus, 2
nold, 2
numeral, 2
racket, 2
tacoma, 2
chinese, 2
teepee, 2
longzang, 2
myrtle, 2
shreds, 2
thing, 2
cc, 2
chees, 2
muncie, 2
china, 2
egss, 2
candynation, 2
chocolote, 2
arrowhead, 2
pecker, 2
sheriffs, 2
10x3, 2
present, 2
firts, 2
prayin, 2
rosh, 2
lolliopop, 2
dude, 2
comics, 2
union, 2
tsum, 2
snd, 2
meltaways, 2
belle, 2
nuts, 2
brushes, 2
shaper, 2
teletubby, 2
racehorse, 2
warrior, 2
dozer, 2
liver, 2
caje, 2
pail, 2
policecandy, 2
orea, 2
station, 2
blur, 2
outlet, 2
before, 2
geometric, 2
man's, 2
fro, 2
pcc, 2
coke, 2
wire, 2
anne, 2
gay, 2
gedible, 2
alphbet, 2
corp, 2
anybody, 2
wjere, 2
usmc, 2
virgin, 2
monarch, 2
lung, 2
goes, 2
vaporizer, 2
5x2, 2
traffic, 2
sylvester, 2
edilble, 2
retired, 2
ivory, 2
merkins, 2
tasting, 2
westchester, 2
belly, 2
guppies, 2
18th, 2
lollpop, 2
70s, 2
stack, 2
sewing, 2
100mm, 2
knights, 2
together, 2
magnet, 2
angry, 2
booby, 2
2.75, 2
60s, 2
http, 2
alpha, 2
tails, 2
incredible, 2
melty, 2
guide, 2
scoops, 2
colloring, 2
license, 2
raleigh, 2
so, 2
americolors, 2
flavourings, 2
candly, 2
sister, 2
parakeet, 2
planes, 2
beige, 2
dots, 2
karo, 2
mubarak, 2
cran, 2
trump, 2
sasquatch, 2
pineapples, 2
camp, 2
chair, 2
dragees, 2
cardinal, 2
skelaton, 2
kid, 2
pr, 2
0.5, 2
doesn, 2
pomegranate, 2
packages, 2
lce, 2
eugene, 2
pennsylvania, 2
od, 2
packs, 2
pretzal, 2
assortments, 2
caramelo, 2
row, 2
91775, 2
appeals, 2
chantilly, 2
kabobs, 2
cauldron, 2
75229, 2
8515, 2
d&d, 2
6221, 2
5656, 2
naitical, 2
5207, 2
wish, 2
mixture, 2
peekaboo, 2
progel, 2
3401, 2
bunnie, 2
1950's, 2
2104, 2
korean, 2
pene, 2
fuchsia, 2
panthers, 2
gadgets, 2
gumdrops, 2
around, 2
rich, 2
2018, 2
resale, 2
swim, 2
ampersand, 2
chai, 2
devil, 2
vernon, 2
faux, 2
daddy, 2
1256, 2
ram, 2
garlic, 2
father's, 2
gumball, 2
molf, 2
sage, 2
lollipip, 2
encontrar, 2
w051, 2
masqurade, 2
brewing, 2
8x4, 2
850, 2
basset, 2
hound, 2
tutu, 2
spices, 2
9x9x2, 2
handcuffs, 2
lodge, 2
508, 2
porky, 2
chockate, 2
502, 2
que, 2
fast, 2
420, 2
400, 2
succulents, 2
erie, 2
naked, 2
jell, 2
bronze, 2
spinners, 2
lotions, 2
moldsdouble, 2
pasta, 2
aspen, 2
133, 2
olivenation, 2
decration, 2
candiquik, 2
icetrays, 2
fencing, 2
plastico, 2
nails, 2
95, 2
suckered, 2
ladle, 2
14x14x2, 2
startfish, 2
illinois, 2
sprinkes, 2
93, 2
73, 2
penus, 2
citrus, 2
66, 2
weights, 2
motorbike, 2
flakea, 2
southern, 2
their, 2
surfer, 2
ndy, 2
62, 2
torch, 2
weightlifter, 2
slc, 2
private, 2
hunter, 2
clause, 2
palettes, 2
mesa, 2
56, 2
webster, 2
38, 2
tables, 2
treasure, 2
chest, 2
34, 2
yankees, 2
2.25, 2
builder, 2
serving, 2
rhinestone, 2
cheektowaga, 2
toons, 2
yard, 2
26, 2
connection, 2
trying, 2
land, 2
clemson, 2
wildcat, 2
lawyers, 2
morlds, 2
gabba, 2
lions, 2
couple, 2
frankenstein, 2
penn, 2
dishs, 2
pom, 2
michael's, 2
mouth, 2
warmers, 2
accents, 2
stamping, 2
thnak, 2
pansies, 2
win, 2
lined, 2
shrek, 2
unity, 1
2065, 1
cocolste, 1
cranberry, 1
crayfish, 1
2101, 1
ama, 1
sapato, 1
59, 1
bombs, 1
girraphs, 1
liqor, 1
crysyals, 1
1.36, 1
socks, 1
facet, 1
princes, 1
41, 1
twitty, 1
bigbird, 1
ballon, 1
dadio, 1
61, 1
maaking, 1
forcelollipop, 1
8x5, 1
mccormic, 1
carrusel, 1
penquins, 1
2117, 1
racine, 1
kearney, 1
2152, 1
n051, 1
merry, 1
supple, 1
ravoli, 1
secrets, 1
teopical, 1
potleaf, 1
healthiest, 1
quincy, 1
decora, 1
2219, 1
twinkle, 1
2222, 1
dow, 1
jones, 1
underwater, 1
chocomakers, 1
cubrir, 1
fourteen, 1
2380, 1
faucet, 1
archangel, 1
art16887, 1
bombon, 1
coloringg, 1
overland, 1
2514, 1
waffles, 1
3050, 1
bit, 1
chease, 1
kg, 1
6.6, 1
3306, 1
vicking, 1
greensboro, 1
3324, 1
1pound, 1
olympia, 1
outs, 1
clutch, 1
panaromic, 1
pfiel, 1
estracts, 1
44, 1
lawer, 1
steeler, 1
stackable, 1
scandicrafts, 1
minatute, 1
vegetal, 1
galons, 1
tracor, 1
toppera, 1
chocoolate, 1
wise, 1
essesial, 1
cyclones, 1
strongest, 1
rattles, 1
3443, 1
n3d, 1
taira, 1
ecigarette, 1
fedora, 1
liwud, 1
downtown, 1
taost, 1
cocholqte, 1
3800, 1
chacolate, 1
rahway, 1
specially, 1
flage, 1
poplcilolls, 1
gilbert, 1
4000, 1
diving, 1
mking, 1
bard, 1
galesburg, 1
teactor, 1
4121, 1
vegetables, 1
bovine, 1
chocolsye, 1
michaels, 1
hesperia, 1
beachy, 1
4300, 1
gobstopper, 1
americolorfood, 1
millworks, 1
hummimgbird, 1
4307, 1
purcahse, 1
chocotejas, 1
metro, 1
boba, 1
fett, 1
nueva, 1
4943, 1
pmc, 1
finish, 1
michells, 1
stemmed, 1
mkig, 1
pregant, 1
5000, 1
5049, 1
cristeninf, 1
peniss, 1
nebraska, 1
5201, 1
burgandy, 1
headstones, 1
plck, 1
107, 1
huse, 1
vigana, 1
hunan, 1
squires, 1
un, 1
5208, 1
shamrocks, 1
sugut, 1
pittsfield, 1
5209, 1
wwwchoklitmolds, 1
sttawberry, 1
5620, 1
110, 1
rubix, 1
jerey, 1
115, 1
beetle, 1
meets, 1
lual, 1
12x18x12, 1
varsity, 1
amazaon, 1
leggo, 1
5731, 1
5760, 1
cm52oau, 1
wristwatch, 1
seuse, 1
expo, 1
construxtion, 1
ec, 1
specification, 1
sauers, 1
bakung, 1
breat, 1
fr�n, 1
lamm, 1
n032, 1
hoops, 1
fiberglass, 1
slip, 1
6215, 1
gliteter, 1
grammy, 1
meltng, 1
merri, 1
119, 1
xrayons, 1
6400, 1
suppl, 1
6523, 1
kote, 1
monthe, 1
bathbomb, 1
6568, 1
moldsto, 1
asap, 1
pansm, 1
nutcrackers, 1
choolcate, 1
blackbery, 1
ross, 1
laboratory, 1
nachine, 1
bunnymolds, 1
writter, 1
e4440, 1
coloredsugar, 1
14x3, 1
11x3, 1
dotcom, 1
foils, 1
6711, 1
lekarica, 1
bok, 1
gardens, 1
customcandymolds, 1
7303, 1
moldsmolds, 1
rentangular, 1
pennant, 1
naughtymolds, 1
milpitas, 1
7415, 1
hallween, 1
20cavity, 1
scrub, 1
8003, 1
chopin, 1
otc, 1
polycarbonite, 1
olw, 1
sunset, 1
rockford, 1
airmax, 1
too, 1
ferris, 1
palmer, 1
toddler, 1
2.7, 1
once, 1
upona, 1
shaffer's, 1
ladybird, 1
ovals, 1
bagina, 1
molling, 1
2kg, 1
librarian, 1
silicobe, 1
botties, 1
8468, 1
slicon, 1
edidle, 1
rockabilly, 1
moonm, 1
parimont, 1
jellly, 1
psn, 1
bagpipe, 1
umizoomi, 1
nibs, 1
egypt, 1
personalize, 1
speinkles, 1
wocuz, 1
espresso, 1
isomelt, 1
marching, 1
jamaican, 1
sorrel, 1
fodd, 1
pan8x2, 1
dressing, 1
westminster, 1
rubbber, 1
gummymole, 1
caseros, 1
terra, 1
cotta, 1
3dcandy, 1
kentycky, 1
nany, 1
spirit, 1
guitarrd, 1
balletina, 1
x15, 1
drinke, 1
goitter, 1
worth, 1
yankies, 1
snading, 1
ivy, 1
shovels, 1
65th, 1
felbro, 1
kensington, 1
eifl, 1
soccolate, 1
121, 1
cinderalla, 1
amgel, 1
guitare, 1
tapps, 1
dementional, 1
lodypops, 1
birhday, 1
birthdays, 1
sorts, 1
linet, 1
suagr, 1
boyscout, 1
productsisomalt, 1
soie, 1
shiped, 1
chocate, 1
chunk, 1
tommaeow, 1
wakefield, 1
hatt, 1
rearing, 1
blanche, 1
aediable, 1
nnyy, 1
sites, 1
ssweet, 1
chooclate, 1
snowboard, 1
valparaiso, 1
gigantic, 1
chicoalre, 1
budda, 1
historic, 1
coatings, 1
loners, 1
plna, 1
viola, 1
history, 1
124, 1
strongsville, 1
thinker, 1
storks, 1
reacup, 1
mgic, 1
lof, 1
channel, 1
cm130, 1
bluebonnet, 1
8888, 1
pargnant, 1
biwling, 1
stawberry, 1
9001, 1
35mm, 1
onpearl, 1
road, 1
lafayette, 1
pokimon, 1
everything, 1
trojans, 1
chocolatecandy, 1
barcelona, 1
elpaso, 1
eastrr, 1
broadway, 1
foundant, 1
teenagers, 1
cjoclate, 1
ediatable, 1
mike, 1
stan, 1
smoking, 1
3mg, 1
decorette, 1
6.5, 1
7mm, 1
pt, 1
somebero, 1
scranton, 1
what's, 1
leg, 1
grip, 1
liquidation, 1
nohas, 1
9006, 1
welding, 1
measures, 1
bagpipers, 1
episcopal, 1
choclste, 1
spark, 1
decorationg, 1
second, 1
third, 1
silisone, 1
lollies, 1
cakw, 1
madrid, 1
candynumbermolds, 1
latex, 1
fpc, 1
sparklea, 1
sues, 1
buffalove, 1
lolipoo, 1
16&quot, 1
handicap, 1
iquid, 1
wheree, 1
j010, 1
16inch, 1
amaxon, 1
actors, 1
novi, 1
toopers, 1
snails, 1
nikelodeon, 1
fruitspie, 1
rectum, 1
wwwchocolate, 1
cylinders, 1
80s, 1
motorcyle, 1
crby, 1
makeinmold, 1
religions, 1
trad, 1
basketweave, 1
tumwater, 1
chpocilate, 1
bathtub, 1
14x22, 1
wrestlemania, 1
oans, 1
frosted, 1
tartar, 1
ao116, 1
mistletoe, 1
steampuck, 1
brach, 1
unwrapped, 1
holographic, 1
sugaar, 1
royals, 1
lolliepops, 1
chiclet, 1
locations, 1
crosd, 1
9007, 1
9401, 1
awirl, 1
gravestone, 1
9476, 1
partycity, 1
dk, 1
plumera, 1
chocolatecanymolding, 1
stileto, 1
lat, 1
cordials, 1
butthold, 1
angled, 1
rodent, 1
mermain, 1
padel, 1
choclatebarmold, 1
fondanr, 1
supplyeaster, 1
mujiang, 1
fd, 1
33, 1
week, 1
aquare, 1
moldng, 1
thailand, 1
gorants, 1
pg, 1
rook, 1
yoke, 1
champange, 1
nesr, 1
socola, 1
lalphabet, 1
watkin, 1
sauce, 1
10003, 1
olie, 1
gell, 1
occupational, 1
deplome, 1
concertrates, 1
stregnth, 1
line10x15, 1
chocake, 1
l048, 1
mit, 1
c&, 1
compartes, 1
pcca, 1
orgone, 1
sacred, 1
geometry, 1
armoflage, 1
langue, 1
dayton, 1
girraffe, 1
wholesals, 1
mouths, 1
8th, 1
fist, 1
ch0colate, 1
supp, 1
ies, 1
shpaed, 1
flavori, 1
flavo, 1
10121, 1
ghiradella, 1
lightening, 1
chockkaye, 1
acadamy, 1
mae's, 1
sparkiling, 1
supernatural, 1
cupcakd, 1
ood, 1
cake18, 1
norristown, 1
chpcolate, 1
nine, 1
schilling, 1
yields, 1
math, 1
drugs, 1
labeling, 1
buffalochocolate, 1
feeora, 1
candypop, 1
flowerings, 1
pulse, 1
keoke, 1
yhe, 1
moldsrose, 1
11131, 1
boxs, 1
oparchement, 1
candle, 1
wherrbto, 1
lalipop, 1
lolipod, 1
olaf, 1
skydiving, 1
12817, 1
flakeslollipop, 1
v240, 1
cdoc, 1
kyack, 1
chocolazi, 1
legion, 1
russiacake, 1
pretezl, 1
polycar, 1
sweettreat, 1
12854, 1
wwightlifting, 1
powsered, 1
gondant, 1
llolipopmolds, 1
shooting, 1
13036, 1
cleardomecakecontainers, 1
weddngs, 1
proud, 1
owner, 1
shots, 1
paterson, 1
13862, 1
aheet, 1
pheasant, 1
bravo, 1
cupake, 1
papets, 1
oldie, 1
bust, 1
fiftys, 1
peoria, 1
nilds, 1
20inch, 1
vons, 1
14225, 1
detailed, 1
paramounth, 1
storz, 1
fondantmold, 1
asu, 1
brussells, 1
vally, 1
ways, 1
veterinarian, 1
framboises, 1
beetroot, 1
certified, 1
happened, 1
acyrlic, 1
casono, 1
liquide, 1
teast, 1
cellapane, 1
leo, 1
lollupop, 1
dahla, 1
horse&quot, 1
&quot, 1
city's, 1
ads, 1
linners, 1
dragon's, 1
roach, 1
viynl, 1
professioal, 1
pandan, 1
glirter, 1
landscaping, 1
barbados, 1
prezeal, 1
martello, 1
125oz, 1
tropicalflower, 1
2pkgapple, 1
boxingg, 1
14228, 1
plastice, 1
champagine, 1
ream, 1
chocolate1lb, 1
antioch, 1
cooton, 1
peep, 1
toe, 1
edblie, 1
schimpff's, 1
cookied, 1
catch, 1
14282, 1
viewing, 1
stable, 1
pianos, 1
cliffyscandyandsupplis, 1
meckens, 1
candymoldsnmore, 1
bedford, 1
wich, 1
eatser, 1
liquour, 1
beginner, 1
paramoth, 1
babys, 1
brake, 1
extreme, 1
edinke, 1
shalloween, 1
dmv, 1
bacherlotte, 1
ncandies, 1
everithing, 1
twix, 1
14642, 1
14803, 1
printed, 1
purole, 1
foid, 1
liquids, 1
overstock, 1
moosechocolate, 1
playstation, 1
styles, 1
medicalcandy, 1
reynolds, 1
shadow, 1
pieppa, 1
14808, 1
thermomitor, 1
stranaut, 1
tel, 1
mercedes, 1
grove, 1
crmel, 1
benz, 1
grandma's, 1
14812, 1
dalmatiom, 1
fidger, 1
lorannoils, 1
flourentine, 1
entremets, 1
suplys, 1
haverhill, 1
15146, 1
campbell's, 1
hewlett, 1
siclone, 1
horns, 1
rowing, 1
graduaton, 1
moled, 1
15508, 1
steaming, 1
paperss, 1
flies, 1
ups, 1
cuddly, 1
ritz, 1
16000, 1
faster, 1
dollflexible, 1
fiti, 1
temperer, 1
cobra, 1
amonion, 1
tinned, 1
flamengo, 1
13.5, 1
16143, 1
chocoltae, 1
fund, 1
workds, 1
fiesta, 1
restaurants, 1
lollippp, 1
17972, 1
19320, 1
graducation, 1
cindy's, 1
wholsesale, 1
revolver, 1
neil, 1
edinburg, 1
majority, 1
goofy, 1
ak, 1
callebt, 1
micro, 1
mixtures, 1
21234, 1
promo, 1
ocreme, 1
keebler, 1
deddible, 1
religius, 1
tracktor, 1
memory, 1
quote, 1
supllying, 1
lollipods, 1
joined, 1
plastastic, 1
25177, 1
cruisers, 1
skittles, 1
30097, 1
easterchocolatecandymolds, 1
kissimmee, 1
4age, 1
weber, 1
carbs, 1
12x16x1, 1
gare, 1
panmagic, 1
emojicandymolds, 1
gof, 1
paramount's, 1
addiction, 1
museum, 1
cookbook, 1
uterus, 1
cybertrayed, 1
s099, 1
32058, 1
creative, 1
crysanthum, 1
chocolye, 1
spool, 1
octagon, 1
30cavity, 1
cb101rd, 1
lyon, 1
32958, 1
chubby, 1
33351, 1
pisces, 1
33770, 1
x8, 1
cityscape, 1
anitomical, 1
blender, 1
34270, 1
taffeta, 1
lollip, 1
hybiscus, 1
vg, 1
bakeries, 1
35105, 1
oakland, 1
blonde, 1
40299, 1
pancakes, 1
jmhg, 1
shrewsbury, 1
sheel, 1
mizzou, 1
judaic, 1
maks, 1
steno, 1
dolpin, 1
drone, 1
med, 1
melbourne, 1
20x20x3, 1
flovoring, 1
pistal, 1
komiwoo, 1
4pcs, 1
ova, 1
cadeuces, 1
searchbulk, 1
decoracion, 1
mart, 1
060, 1
skid, 1
chocolage, 1
40356, 1
oceanthemecandymolds, 1
moldwedding, 1
pose, 1
orio, 1
paramounts, 1
geraffes, 1
bicycles, 1
alligatoe, 1
coliseum, 1
wright, 1
internet, 1
pretzelmold, 1
carlie, 1
40pcs, 1
mammoth, 1
horeb, 1
cocnut, 1
44070, 1
choclatw, 1
mallana, 1
miny, 1
loot, 1
cucci, 1
moilds, 1
pms, 1
locking, 1
edinle, 1
mustaches, 1
mythology, 1
wennie, 1
supermarket, 1
sedar, 1
guardini, 1
04005, 1
cr�me, 1
squarte, 1
newarkohio, 1
46517, 1
numerber, 1
mpolds, 1
creamcheesemintsmolds, 1
chopsticks, 1
pyrenees, 1
panaorama, 1
18x24x2, 1
bow&, 1
teleltubbies, 1
connections, 1
purcchase, 1
buttermelts, 1
concessions, 1
mission, 1
orgainc, 1
infant, 1
cipcakes, 1
pounts, 1
goldflakes, 1
55347, 1
hail, 1
sherbet, 1
60069, 1
se, 1
comminion, 1
aedible, 1
ting, 1
vanderbilt, 1
01876, 1
spinningleaf, 1
convention, 1
moster, 1
60451, 1
sansing, 1
usbrand, 1
reduced, 1
poppe, 1
xtra, 1
61400, 1
63455, 1
hartley, 1
mildibg, 1
66794, 1
hampshire, 1
cheesecakes, 1
skier, 1
46, 1
roly, 1
wrenches, 1
rats, 1
mlds, 1
croove, 1
mlb, 1
76148, 1
modular, 1
coolers, 1
incan, 1
callabut, 1
45th, 1
sprinklesgreen, 1
blackcup, 1
77057, 1
maermaid, 1
pfeil, 1
texan, 1
cgampange, 1
slots, 1
bakeon, 1
ammonioun, 1
tagine, 1
radio, 1
didlo, 1
fiftieth, 1
peart, 1
tailmold, 1
cancwr, 1
papera, 1
85016, 1
koolaide, 1
twos, 1
emjoe, 1
females, 1
musuc, 1
taylor, 1
spprinkles, 1
spiritual, 1
loolipop, 1
bitthday, 1
cristal, 1
ingredigernts, 1
alphabets, 1
alpahbet, 1
gothic, 1
mudtire, 1
palte, 1
venta, 1
lallipas, 1
85142, 1
host, 1
dimeatr, 1
rancho, 1
rib, 1
cage, 1
ervan, 1
dab, 1
egf, 1
cucamonga, 1
banyshower, 1
cindella, 1
cuff, 1
boysenberry, 1
toefl, 1
8694621143, 1
meijers, 1
suck, 1
85205, 1
saucers, 1
allerina, 1
randolph, 1
menifee, 1
s051, 1
witches, 1
helen, 1
tecyangle, 1
boulder, 1
representing, 1
kitchenkrafts, 1
sandin, 1
pokal, 1
paperclip, 1
arkansas, 1
cinfectionary, 1
siddur, 1
dilly, 1
carbonated, 1
066, 1
mardigras, 1
pointer, 1
meidcal, 1
decorarion, 1
glimmer, 1
henna, 1
curious, 1
assassins, 1
fang, 1
rabit, 1
creed, 1
buena, 1
yacht, 1
hllow, 1
predators, 1
cbocolate, 1
pensacola, 1
cranford, 1
14cm, 1
flores, 1
edigle, 1
90037, 1
chocollate, 1
giftbags, 1
oacar, 1
receipes, 1
confectioney, 1
squart, 1
burbon, 1
corks, 1
gesso, 1
vtg, 1
silly, 1
vadar, 1
whittier, 1
bagd, 1
cranes, 1
repclica, 1
23, 1
noel, 1
gaduation, 1
tontill, 1
lettering, 1
1grad, 1
dold, 1
heavenly, 1
sorinkles, 1
hash, 1
starting, 1
dominoe, 1
costum, 1
bff, 1
ahmedabad, 1
seagull, 1
panes, 1
pez, 1
acrosse, 1
dtores, 1
paramountcrystals, 1
sensient, 1
dallies, 1
a0147, 1
25pound, 1
teams, 1
raiders, 1
swet, 1
92120, 1
frankstein, 1
decorator, 1
626842, 1
llemon, 1
bakig, 1
flak, 1
bucking, 1
hay, 1
bale, 1
custm, 1
mazel, 1
tov, 1
mt, 1
timpanogas, 1
cosi, 1
tabellini, 1
rank, 1
crayone, 1
yarn, 1
needle, 1
she, 1
rolling, 1
screen, 1
clouring, 1
hs45348, 1
held, 1
641524, 1
smoothy, 1
snickerdoodle, 1
eduble, 1
meremaid, 1
elizabethtown, 1
northport, 1
gelatine, 1
gelitan, 1
sprnkles, 1
martinville, 1
souther, 1
stained, 1
aupplies, 1
bombom, 1
rx, 1
woonsocket, 1
leisure, 1
activities, 1
canibus, 1
aitism, 1
scrapbooking, 1
osker, 1
chocoloae, 1
fingers, 1
permount, 1
cystels, 1
paderno, 1
aniese, 1
cocker, 1
reword, 1
cuisine, 1
knowledge, 1
dimon, 1
pce, 1
rubbercandy, 1
gina, 1
freehill, 1
pixar, 1
mweed, 1
leef, 1
gulab, 1
nmolds, 1
jamun, 1
sliver, 1
mimi, 1
barefoot, 1
penise, 1
locally, 1
cna, 1
pic, 1
tret, 1
745880, 1
colinia, 1
hobbylobby, 1
barbeque, 1
treet, 1
raw, 1
pchocolate, 1
vice, 1
hershey's, 1
alef, 1
bet, 1
4786737, 1
siliconecandymolds, 1
hulisen, 1
reunions, 1
70896721242, 1
whote, 1
fernando, 1
sufar, 1
wgg, 1
ropes, 1
bootmold, 1
screw, 1
brilliant, 1
medusa, 1
fantasy, 1
alpine, 1
chocolante, 1
mway, 1
maniquin, 1
goldfigh, 1
ricans, 1
veriation, 1
woody, 1
tigercandymold, 1
dresden, 1
aluminim, 1
dashound, 1
zoom, 1
loillpops, 1
lolippos, 1
9x12, 1
coloing, 1
sptinkles, 1
sexracts, 1
trippy, 1
tardis, 1
birdhouse, 1
washingtonville, 1
cm101, 1
acoustic, 1
rehoboth, 1
foril, 1
horned, 1
1inch, 1
outuxed, 1
moiding, 1
19111080, 1
telephone, 1
stony, 1
brook, 1
matallic, 1
polishing, 1
keiylime, 1
findant, 1
1.75, 1
s2k, 1
weddingannibersary, 1
horchata, 1
sk, 1
topped, 1
cabrellon, 1
dbz, 1
buttet, 1
uhmw, 1
whlesale, 1
lwmon, 1
sparton, 1
chemical, 1
19111300, 1
19119451, 1
stativa, 1
repro, 1
chocholste, 1
roger, 1
preligious, 1
indivisual, 1
robots, 1
plumbers, 1
bing, 1
marijuna, 1
hazel, 1
mermaidh, 1
cherubs, 1
ssle, 1
8x11x2, 1
19119481, 1
madder, 1
mouthstash, 1
noxes, 1
recommendations, 1
wilson's, 1
21150006, 1
wilshire, 1
21150015, 1
nougat, 1
maverick, 1
flavring, 1
extrancts, 1
montgomery, 1
asronaut, 1
bday, 1
phyon, 1
llolipops, 1
padding, 1
pacakge, 1
forbaby, 1
kaluha, 1
fravers, 1
5.75, 1
21150030, 1
fatima, 1
sportbike, 1
smores, 1
flakesfor, 1
21154440, 1
ingerdients, 1
colligate, 1
m095, 1
divorce, 1
firehat, 1
granduation, 1
bridals, 1
jordan, 1
pgh, 1
bachlorrette, 1
barbell, 1
contrates, 1
tulips, 1
productions, 1
dodge, 1
brulee, 1
flavoured, 1
seating, 1
rite, 1
falcons, 1
scotland, 1
quartz, 1
nursery, 1
rhyme, 1
sor, 1
plattform, 1
succuletn, 1
chocollage, 1
meemais, 1
tjmaxx, 1
squiz, 1
taffies, 1
gimbals, 1
prgnant, 1
sheriff's, 1
wii, 1
bubbul, 1
eight, 1
twig, 1
heard, 1
tide, 1
essex, 1
detective, 1
casts, 1
paramus, 1
pok�mon, 1
suppplies, 1
lucha, 1
libre, 1
pretzelmolds, 1
cocout, 1
afro, 1
maya, 1
project, 1
succer, 1
2.00, 1
hk, 1
riverboat, 1
camo, 1
crancer, 1
ribbion, 1
21158516, 1
lee, 1
fours, 1
headstone, 1
preztel, 1
shana, 1
tova, 1
eilton, 1
40s, 1
platic, 1
manequin, 1
humor, 1
142, 1
poconos, 1
checker, 1
masquarade, 1
casette, 1
160, 1
tile, 1
corpse, 1
curl, 1
rectanglt, 1
3in, 1
lollippop, 1
antioxidants, 1
preservation, 1
moldsofficial, 1
joanne, 1
cuttie, 1
pac, 1
efiblr, 1
sportsball, 1
fuwa, 1
icicle, 1
milledgevile, 1
gs, 1
moves, 1
rapidly, 1
beause, 1
site, 1
profresnol, 1
brunswick, 1
bombasei, 1
minny, 1
malted, 1
poweded, 1
gradution, 1
bombons, 1
pinnis, 1
quezalcoatl, 1
caseiros, 1
1.2, 1
capital, 1
dums, 1
wausau, 1
distributor, 1
sunfolower, 1
saffron, 1
ranch, 1
irxl400, 1
tbubblegum, 1
scrolls, 1
pretezle, 1
truffley, 1
darling, 1
cops, 1
peanis, 1
carael, 1
blond, 1
abstract, 1
0z, 1
9.5, 1
dilettante, 1
zipcode, 1
harg, 1
stover, 1
burner, 1
sweetcreations, 1
russian, 1
trap, 1
child's, 1
ussr, 1
loyy, 1
kendall, 1
anal, 1
tootsie, 1
flavoiring, 1
define, 1
fairfield, 1
163, 1
findshoe, 1
nickolodeon, 1
franestein, 1
sweetwise, 1
dressers, 1
hogs, 1
muskegon, 1
msn, 1
yinyang, 1
bacherette, 1
harthshorn, 1
hallowen, 1
waferts, 1
cybratrad, 1
dungeons, 1
180, 1
whimiscal, 1
shies, 1
liquic, 1
comestic, 1
dreamcatcher, 1
nikki's, 1
revolution, 1
200, 1
dehydrated, 1
oowder, 1
lubbock, 1
kerekes, 1
turtlescheap, 1
hts, 1
224, 1
syacone, 1
0044, 1
225, 1
taiwan, 1
missoula, 1
montana, 1
number1, 1
abeja, 1
243, 1
micelli, 1
mailman, 1
lasagna, 1
confiscated, 1
tau, 1
anhor, 1
asorbic, 1
breakdance, 1
enterprise, 1
nutty, 1
hprse, 1
oroe, 1
pals, 1
745367145574, 1
magician, 1
250, 1
shipmwheel, 1
pd, 1
rolled, 1
r3, 1
monopoly, 1
conventure, 1
customize, 1
formas, 1
beurre, 1
tokens, 1
264, 1
we, 1
pastic, 1
exstract, 1
coloe, 1
mitts, 1
3x3, 1
vake, 1
hwy, 1
crafters, 1
choice, 1
pioneer, 1
throat, 1
grass, 1
policarbonate, 1
glakes, 1
modling, 1
knoxville, 1
rootbeer, 1
n047, 1
feathers, 1
pampered, 1
rubbee, 1
gratution, 1
sandiwch, 1
makenmold, 1
babyfeet, 1
tangled, 1
candylollipop, 1
bsby, 1
denmark, 1
suitcase, 1
chocoltr, 1
carpenter, 1
7in, 1
aloha, 1
pou, 1
na, 1
vro, 1
jumpman, 1
roubd, 1
compound, 1
271, 1
294, 1
f023, 1
holmes, 1
apopka, 1
intertwined, 1
instruction, 1
cottom, 1
bakimg, 1
wddding, 1
rexburg, 1
quilted, 1
nozzle, 1
loly, 1
infiniti, 1
amatomical, 1
dinosuar, 1
ethnic, 1
haystack, 1
wind, 1
turbine, 1
barra, 1
recheada, 1
candmold, 1
eleroo, 1
nutella, 1
tee, 1
pee, 1
chocola, 1
fleck, 1
action, 1
32mm, 1
23mm, 1
mothersdaycandysupplies, 1
blend, 1
vulva, 1
chicilate, 1
hunters, 1
fargo, 1
nd, 1
seahawk, 1
eca, 1
01118, 1
pouringhard, 1
nothing, 1
homade, 1
coloribg, 1
monkeys, 1
paybon, 1
bernardino, 1
famous, 1
father, 1
8x8x3, 1
310, 1
gbronze, 1
deiago, 1
caramelized, 1
doble, 1
nadal, 1
hufflepuff, 1
flavaoring, 1
nearrockledge, 1
yelliow, 1
bouqet, 1
suppkies, 1
hobbie, 1
lobbie, 1
simi, 1
rodeo, 1
doubloon, 1
sakura, 1
kung, 1
fu, 1
aj's, 1
botines, 1
nicotinecheap, 1
glavor, 1
pixie, 1
mccormich, 1
inchx, 1
18inch, 1
robins, 1
362, 1
nasa, 1
30cm, 1
alumnum, 1
395, 1
blade, 1
hgh, 1
ropical, 1
wiizard, 1
osh, 1
29, 1
stacked, 1
wholecandymakingsupplies, 1
binocular, 1
boar, 1
health, 1
--, 1
colorful, 1
textured, 1
3�, 1
cricket, 1
eqyptian, 1
woodbridge, 1
housyon, 1
423, 1
server, 1
prop, 1
flales, 1
footfall, 1
anna, 1
454, 1
samples, 1
mutzvah, 1
pinwheel, 1
fini, 1
fit, 1
sedible, 1
pm, 1
siberian, 1
assumption, 1
precision, 1
mirro, 1
ninga, 1
chocalo, 1
52, 1
powter, 1
nutrient, 1
batgirl, 1
gone, 1
8x12x3, 1
wmulsion, 1
daschund, 1
panarama, 1
flmego, 1
thai, 1
lashes, 1
chocakte, 1
yield, 1
motircycle, 1
candymakingsupplies, 1
bring, 1
fotball, 1
tan, 1
trufas, 1
sugarmolds, 1
titan, 1
mashine, 1
cybrtrd, 1
whimsical, 1
shaker, 1
icecreal, 1
hallo, 1
specifications, 1
artistic, 1
democrat, 1
tnt, 1
alexis, 1
seahorses, 1
fanpans, 1
bels, 1
solicone, 1
ufc, 1
skeletons, 1
polycarbonte, 1
been, 1
concentration, 1
kite, 1
dusy, 1
caribbean, 1
pesonalize, 1
flavoredcandymeltwafers, 1
toothpick, 1
tri, 1
hyvee, 1
asaeciories, 1
pouches, 1
owtonna, 1
atomic, 1
numbe, 1
wheeling, 1
31, 1
northeastern, 1
shampane, 1
soho, 1
encino, 1
silic�n, 1
79, 1
falvors, 1
waehouses, 1
mh5730, 1
chocplate, 1
topeka, 1
burbank, 1
transformers, 1
om, 1
wishbone, 1
cybrtrays, 1
slls, 1
lits, 1
nhl, 1
nh, 1
j081, 1
saginaw, 1
sathers, 1
confectioray, 1
crystalls, 1
guittad, 1
weding, 1
chochalte, 1
535, 1
pineapllae, 1
lollipopcandymold, 1
thelescope, 1
eastercandymolds, 1
a91, 1
570, 1
mibt, 1
650, 1
bicylce, 1
gop, 1
lotpchocolatemolds, 1
midland, 1
ao047, 1
fleurdelis, 1
j069, 1
shakes, 1
hairstyling, 1
668, 1
office, 1
nugat, 1
684, 1
guiter, 1
sunnylife, 1
lottery, 1
butterscoth, 1
pull, 1
ticket, 1
dutched, 1
ugly, 1
0249, 1
7oz, 1
mlting, 1
wfers, 1
og, 1
cani, 1
coolie, 1
read, 1
pats, 1
h127, 1
mixed, 1
affordable, 1
brigadeiro, 1
6ozez, 1
puouches, 1
colorado, 1
dov, 1
birthdsy, 1
pekingese, 1
vibrator, 1
menu, 1
varieties, 1
spere, 1
kannapolis, 1
jester, 1
shroom, 1
flipping, 1
casper, 1
wy, 1
flexile, 1
hit, 1
sir, 1
coockie, 1
blaine, 1
edibe, 1
faith, 1
hope, 1
tops, 1
creamcheesemintmolds, 1
8cs, 1
765, 1
galloping, 1
sprinklez, 1
dsney, 1
savanah, 1
wending, 1
lakeland, 1
lxyy, 1
friesian, 1
x12, 1
false, 1
planets, 1
winne, 1
westco, 1
12x5, 1
rpund, 1
amish, 1
fier, 1
try, 1
after, 1
parker, 1
suckar, 1
18x18x2, 1
chirch, 1
suples, 1
deiman, 1
cal, 1
cutout, 1
cakex, 1
rayola, 1
moore, 1
hug, 1
bel, 1
galaxy, 1
fishtail, 1
????, 1
hasp, 1
paramout, 1
uva, 1
roal, 1
sallys, 1
chics, 1
decirating, 1
10x14, 1
festival, 1
prd103, 1
vom, 1
plainview, 1
choxolaye, 1
numer, 1
sylicon, 1
eiffer, 1
icecubes, 1
plactic, 1
dan, 1
layers, 1
milter, 1
chokolade, 1
plitka, 1
enjancer, 1
nix, 1
mld090528, 1
creating, 1
friday, 1
coloring+, 1
cucpake, 1
mente, 1
tempuring, 1
9x9x4, 1
dragonflycandy, 1
hardware, 1
custum, 1
daily, 1
rsvp, 1
chanell, 1
jasper, 1
gru, 1
gobblins, 1
sultry, 1
wake, 1
royce, 1
kitchencraft, 1
3.4, 1
cuber, 1
como, 1
podwered, 1
bernese, 1
consigo, 1
lint, 1
chanoagne, 1
extrace, 1
maureen's, 1
holidays, 1
madagasgar, 1
marijana, 1
powerranger, 1
taekwondo, 1
16x, 1
mannequinchocolate, 1
recamended, 1
give, 1
dare, 1
ifffer, 1
138inch, 1
ckae, 1
silcond, 1
flaviring, 1
sylicone, 1
drsgonfly, 1
meltin, 1
crtoss, 1
glitted, 1
sparkline, 1
ghiradelli, 1
tlspecial, 1
lights, 1
moldsphere, 1
panorami, 1
30's, 1
opens, 1
prices, 1
hotdog, 1
wholesal, 1
iyems, 1
fraternal, 1
organizations, 1
supplysayreville, 1
dinosour, 1
slogan, 1
cuadrado, 1
steelers, 1
cyclone, 1
pourple, 1
finosaur, 1
lollipipe, 1
corloring, 1
scepter, 1
lolliipop, 1
superstar, 1
n033, 1
gor, 1
dophon, 1
mascara, 1
putty, 1
bloc, 1
ecao726, 1
782, 1
vchocolate, 1
sandusky, 1
flavord, 1
toothache, 1
1960s, 1
mitten, 1
palms, 1
badger, 1
trackid, 1
sp, 1
006, 1
porsche, 1
iphone, 1
icon, 1
sayreville, 1
playboy, 1
creamcheesee, 1
lindas, 1
clarck, 1
paramiunt, 1
float, 1
storing, 1
preegle, 1
saparator, 1
100cm, 1
shaping, 1
cramberry, 1
westmoreland, 1
mull, 1
gradation, 1
match, 1
knockout, 1
solider, 1
msstuffin, 1
hercules, 1
plater, 1
bethel, 1
riding, 1
jho, 1
ann's, 1
dekoration, 1
customer, 1
baskets, 1
bootschocolate, 1
leading, 1
luxury, 1
candycoating, 1
lello, 1
wshington, 1
mishawaka, 1
eafel, 1
turle, 1
harden, 1
zapatilla, 1
hooster, 1
0.125, 1
gross, 1
sources, 1
sumter, 1
blank, 1
deesee, 1
tm, 1
827, 1
risen, 1
45st25, 1
bourgeat, 1
m248, 1
weible, 1
pembroke, 1
pines, 1
jubilant, 1
profetional, 1
lollipoo, 1
newburgh, 1
emoji's, 1
ash, 1
linerws, 1
exract, 1
a0032, 1
dirtbike, 1
crtals, 1
bicicle, 1
angek, 1
ouncewhite, 1
bustier, 1
tab, 1
chicoloate, 1
graduatuony, 1
decorators, 1
roaster, 1
build, 1
12x18x3, 1
pi�a, 1
shirts, 1
americam, 1
rubbermaid, 1
fondantpenis, 1
zurich, 1
otganic, 1
snowwhite, 1
scored, 1
painting, 1
ao138, 1
27, 1
dextrose, 1
862, 1
writing, 1
863, 1
6ct, 1
pheasants, 1
882, 1
alum, 1
liquior, 1
shepard, 1
herseys, 1
garaduation, 1
898, 1
beagle, 1
friendly, 1
humble, 1
duckies, 1
colong, 1
powde, 1
914, 1
quiche, 1
kcbw0159, 1
chicks, 1
82, 1
finest, 1
glitt, 1
160z, 1
cloth, 1
mustash, 1
allura, 1
clour, 1
teddys, 1
bycarbonate, 1
castella, 1
magalsons, 1
mose, 1
madagaascar, 1
9in, 1
portsmouth, 1
know, 1
firefight, 1
grenades, 1
ooh, 1
boxe, 1
ali, 1
ps4controller, 1
9960c25, 1
carb, 1
7pcs, 1
horhound, 1
lou, 1
plasticos, 1
tent, 1
hatd, 1
cinderela, 1
postal, 1
pointe, 1
4x4x2, 1
aninals, 1
auxker, 1
kalua, 1
synthetic, 1
augusta, 1
evans, 1
restaraunt, 1
binky, 1
wgere, 1
shoppes, 1
pices, 1
glitterfor, 1
chocooate, 1
yule, 1
moldssweet, 1
jojo, 1
starry, 1
night, 1
fond, 1
pirple, 1
craduation, 1
tuxudo, 1
lamps, 1
chauffer, 1
suppiers, 1
inland, 1
motocross, 1
backbone, 1
harp, 1
candg, 1
seatte, 1
silcoon, 1
terrapin, 1
1040, 1
boxed, 1
uv, 1
combat, 1
engineer, 1
reactive, 1
weatern, 1
meals, 1
ih, 1
pinecomb, 1
campfire, 1
preferred, 1
2pk, 1
spreader, 1
concepcion, 1
doreen, 1
mayfield, 1
3.7, 1
ml, 1
esster, 1
orchard, 1
pan's, 1
camep, 1
crem, 1
stork, 1
teear, 1
0222, 1
metilic, 1
1063, 1
xhocolatw, 1
frenchie, 1
weddimg, 1
sugr, 1
smelly, 1
cocolaye, 1
toes, 1
ber, 1
jane, 1
aeels, 1
lisbon, 1
tafflone, 1
vepor, 1
entemet, 1
gliiter, 1
celebrateit, 1
solicon, 1
creepy, 1
crawly, 1
fightfighters, 1
lrhimo, 1
daddy's, 1
pornographic, 1
scrapers, 1
6pcs, 1
step, 1
cholcate, 1
trim, 1
piata, 1
diapers, 1
fer, 1
forever, 1
orios, 1
flags, 1
congratulation, 1
abccakedecorating, 1
coclet, 1
glive, 1
cuffs, 1
babycake, 1
tur, 1
manassas, 1
housewarming, 1
fullbody, 1
paneramic, 1
esty, 1
mortocycle, 1
columbine, 1
wirh, 1
dulces, 1
gittards, 1
ifel, 1
sied, 1
0ne, 1
mia, 1
cimmunion, 1
stewerts, 1
tablespoon, 1
impressions, 1
sukkot, 1
meerkat, 1
nicole, 1
ila, 1
109a, 1
colorpops, 1
dachsund, 1
chocolatelollipop, 1
matte, 1
g526, 1
kabob, 1
meots, 1
balking, 1
snoamn, 1
pizzokie, 1
tongs, 1
lollipopmold, 1
nauticalchocolate, 1
primary, 1
sled, 1
osborne, 1
rip, 1
value, 1
xolor, 1
cbd, 1
tincturehard, 1
past, 1
dinner, 1
marihuana, 1
chocolatecsucker, 1
timber, 1
43g, 1
potatoe, 1
piggy, 1
telletubby, 1
neco, 1
technology, 1
n078, 1
smallhalloween, 1
chocolaier, 1
paletes, 1
our, 1
michales, 1
coffe, 1
quins, 1
process, 1
concepys, 1
dips, 1
duke, 1
nys, 1
cchocolate, 1
bukk, 1
larhe, 1
squirel, 1
stuffy, 1
branches, 1
d066, 1
ea, 1
easte, 1
panormanic, 1
geletin, 1
gittard, 1
moldon, 1
tinnes, 1
gorl, 1
pastor, 1
hsrd, 1
chevron, 1
xourse, 1
granules, 1
chocolatecandymolds, 1
seszme, 1
shotglass, 1
marilyn, 1
monroe, 1
gorillas, 1
honeybear, 1
late, 1
copyrig, 1
penises, 1
shammrock, 1
improver, 1
motorcylce, 1
decoy, 1
1142, 1
drogan, 1
paul, 1
barney, 1
hairdryer, 1
airplanecandymold, 1
loriann, 1
milo, 1
lpk084, 1
scary, 1
dootball, 1
halves, 1
peacockcandymolds, 1
marvelous, 1
1232, 1
stcks, 1
background, 1
candytable, 1
lowell, 1
h074, 1
wirtchcraft, 1
camoflauge, 1
amount, 1
????????, 1
poproo, 1
1246, 1
bayside, 1
moldbaby, 1
5in, 1
kart, 1
witg, 1
monterey, 1
latest, 1
ebook, 1
warranty, 1
bpa, 1
atv, 1
strooler, 1
typewritter, 1
perps, 1
fluorescente, 1
holbrook, 1
magi, 1
smason, 1
taffe, 1
fruits, 1
warwick, 1
cyclicone, 1
then, 1
christine, 1
naking, 1
moldsd, 1
suppiles, 1
guava, 1
antifaz, 1
carnaval, 1
allies, 1
csp, 1
etibile, 1
f083, 1
lollilipops, 1
84, 1
alloy, 1
parafin, 1
uncle, 1
sam, 1
frosing, 1
ammonite, 1
ii, 1
behive, 1
demask, 1
mnolds, 1
schhol, 1
liquit, 1
tustin, 1
coul, 1
lolipol, 1
organ, 1
fanciful, 1
alpabet, 1
flexipanmold, 1
candy's, 1
buly, 1
retailers, 1
contour, 1
creator, 1
dreidel, 1
adu, 1
clarkhorseshoe, 1
sculpting, 1
solstice, 1
1288, 1
satin, 1
29.2, 1
guittars, 1
mujaing, 1
brach's, 1
oceaned, 1
ammonim, 1
buychocolatemolds, 1
hurt, 1
hummigbird, 1
cjocolates, 1
delray, 1
wantagh, 1
wittmans, 1
arrangements, 1
straightest, 1
3.78, 1
stylish, 1
liter, 1
pramount, 1
crisps, 1
kashigata, 1
satine, 1
total, 1
moulda, 1
beverage, 1
shoos, 1
etoble, 1
giltter, 1
csnfy, 1
chambersburg, 1
linersgreen, 1
cheers, 1
southeast, 1
liningers, 1
chocoley, 1
1299, 1
cincinati, 1
ateable, 1
dont, 1
whee, 1
point, 1
scandle, 1
ilicone, 1
stands, 1
formed, 1
uniorn, 1
owned, 1
evanston, 1
pit, 1
cm111, 1
kscar, 1
boys, 1
saratoga, 1
toothpaste, 1
moldbadminton, 1
aroung, 1
believing, 1
guitardd, 1
packers, 1
stsr, 1
masquared, 1
chicimaker, 1
annyversary, 1
hickory, 1
coupon, 1
spacer, 1
rcrown, 1
sloth, 1
f0319, 1
volley, 1
1300, 1
lifesize, 1
x14, 1
sliding, 1
bivycle, 1
nash, 1
cupcaje, 1
linwrs, 1
colori, 1
chop, 1
1337, 1
religous, 1
0118, 1
2c, 1
cokkies, 1
linnea's, 1
combs, 1
skylanders, 1
elements, 1
forlollipop, 1
producer, 1
streich's, 1
aniseed, 1
kittedn, 1
busniess, 1
beginners, 1
ynique, 1
decoraring, 1
wrench, 1
70896214287, 1
chablon, 1
jawbreaker, 1
nic, 1
sprinkled, 1
nearest, 1
auto, 1
automobile, 1
warren, 1
wheee, 1
8888ck, 1
caddy, 1
aprinkles, 1
cellphane, 1
canday, 1
zebra, 1
charge, 1
riser, 1
mccormickflavoerings, 1
caises, 1
sweetie, 1
hire, 1
matalic, 1
guittard's, 1
chocolite, 1
parton, 1
koji, 1
sprinkling, 1
paramedic, 1
nicotineless, 1
numbersor, 1
birmingham, 1
crysals, 1
magneticchocolate, 1
cadny, 1
index, 1
tongue, 1
lique, 1
draper, 1
splash, 1
hashana, 1
herl, 1
graveyard, 1
rubbe, 1
dodger, 1
13x18, 1
graduationcandy, 1
windmill, 1
nake, 1
lovers, 1
cemetary, 1
fences, 1
squared, 1
goodyear, 1
diffuser, 1
honwy, 1
fruito, 1
baking&orange, 1
bubblle, 1
subscription, 1
usaf, 1
6cavity, 1
stripe, 1
acrilic, 1
skeletoncandy, 1
n009, 1
myers, 1
sprinklers, 1
dungeon, 1
keyhole, 1
props, 1
smooch, 1
bul, 1
vamdy, 1
colombian, 1
canxy, 1
k061, 1
1414, 1
twirling, 1
nostalgic, 1
florving, 1
heap, 1
lizzard, 1
mareng, 1
jan, 1
natral, 1
prescott, 1
penia, 1
maringue, 1
raindrop, 1
sausage, 1
1501, 1
core, 1
2lollipop, 1
leak, 1
14oz, 1
ingredientes, 1
balas, 1
doces, 1
pab, 1
kandyman, 1
terrcotta, 1
glaze, 1
firecracker, 1
tru, 1
25kg, 1
pierce, 1
cigs, 1
ao069, 1
partes, 1
weddingring, 1
molar, 1
athlete, 1
adullt, 1
gudetama, 1
chcoloate, 1
mopld, 1
aunt, 1
erma's, 1
pillsbury, 1
helm, 1
flaverings, 1
1503, 1
garnishing, 1
polypropylene, 1
sunshine's, 1
flitter, 1
pantry, 1
diamon, 1
quill, 1
flask, 1
karma, 1
toothe, 1
acaemy, 1
highland, 1
schoolbus, 1
sizegummy, 1
0f, 1
flutted, 1
1554, 1
kokomo, 1
payphone, 1
farrous, 1
gluconates, 1
r068, 1
licker, 1
1561, 1
gummys, 1
aztec, 1
deaign, 1
boe, 1
cigarettes, 1
got, 1
watering, 1
firetrucks, 1
&mrs, 1
estate, 1
floppy, 1
racers, 1
flakee, 1
ex, 1
envelopes, 1
0000, 1
bubbles, 1
flaming, 1
rosa, 1
wilbur's, 1
waters, 1
mccomick, 1
passaic, 1
dusty, 1
sees, 1
charm, 1
medals, 1
sunflowermini, 1
littleton, 1
picayune, 1
renshaw, 1
lolypops, 1
6x8, 1
2pc, 1
slicer, 1
pirates, 1
mashmallow, 1
1580, 1
beaking, 1
commu, 1
ion, 1
a&m, 1
roland's, 1
toppersgroom, 1
savage, 1
vaporizor, 1
frig, 1
kiki, 1
speasrment, 1
thermoformed, 1
motorcycles, 1
frucha, 1
bakikng, 1
cybertrayd, 1
nicholas, 1
trea, 1
speech, 1
buffett, 1
message, 1
reno, 1
tradingcandy, 1
fouled, 1
truffless, 1
tion, 1
honeydew, 1
0040, 1
1615, 1
kidney, 1
rngagement, 1
tomato, 1
01752, 1
bumblebees, 1
rolex, 1
factories, 1
makin, 1
bacon, 1
ca91324, 1
sugar's, 1
aminals, 1
england, 1
nonstiqui, 1
manniquin, 1
reading, 1
potato, 1
spacehip, 1
bot, 1
cheede, 1
chocolatefor, 1
makng, 1
flavoribg, 1
cuocske, 1
apply, 1
sauare, 1
2105.2356, 1
cottin, 1
krafts, 1
s55, 1
culpitt, 1
$10, 1
pumps, 1
spaceships, 1
vholcolaye, 1
racher, 1
costume, 1
willowick, 1
fastest, 1
meltingredhot, 1
opera, 1
melties, 1
rounded, 1
banjo, 1
churches, 1
xray, 1
chovolate, 1
pajamas, 1
9x5, 1
event, 1
pelicans, 1
jiraffe, 1
e304, 1
raquey, 1
jobbers, 1
modesto, 1
popmolds, 1
fonfant, 1
czramel, 1
ghoney, 1
streamer, 1
fifteen, 1
happyhomeflavoring, 1
9.99, 1
willis, 1
14x10, 1
suckermolds, 1
1pc, 1
milwaukie, 1
candylandmolds, 1
15x2, 1
lillipots, 1
survivors, 1
smith, 1
brother, 1
gym, 1
1107a, 1
chooting, 1
brains, 1
studs, 1
49ers, 1
smal, 1
foundue, 1
nightmare, 1
1655, 1
fairytale, 1
maslin, 1
joan, 1
portrait, 1
oloring, 1
prestzle, 1
carebears, 1
expression, 1
blollipop, 1
platinum, 1
zapatos, 1
ar, 1
3dolars, 1
whaffers, 1
mitsvah, 1
checkered, 1
alphzbet, 1
concession, 1
napa, 1
kmart, 1
cardstock, 1
pyrple, 1
1712, 1
starbucks, 1
artisan, 1
25.4, 1
1716, 1
amber, 1
borders, 1
countrykitchensa, 1
alibaba, 1
personally, 1
cchovolate, 1
prncil, 1
hemp, 1
swann, 1
laying, 1
indy, 1
bodybuilder, 1
limon, 1
20x20, 1
recipes, 1
ruler, 1
lots, 1
ckp, 1
crime, 1
grinding, 1
chalk, 1
graduuation, 1
quick, 1
1729, 1
butterly, 1
estatua, 1
cloring, 1
tock, 1
charmingcandysupplies, 1
fashined, 1
drivers, 1
hardening, 1
tribal, 1
m074, 1
meltssupplies, 1
toothette, 1
oral, 1
swabs, 1
burn, 1
edmond, 1
london, 1
ordnance, 1
jaletiine, 1
naplea, 1
interactive, 1
christines, 1
sku, 1
offset, 1
spatula, 1
boquet, 1
flavorint, 1
uttercream, 1
massachusett, 1
colcolate, 1
mine, 1
leog, 1
nose, 1
sweetheart, 1
kings, 1
beachball, 1
monogramed, 1
flossine, 1
madeline, 1
foxborough, 1
cheeses, 1
check, 1
godzilla, 1
backgammon, 1
lasso, 1
bespoke, 1
exocit, 1
chocolateto, 1
peebles, 1
chew, 1
plow, 1
carame, 1
formula, 1
libertad, 1
instagram, 1
flash, 1
cholaote, 1
lidded, 1
caterpillar, 1
lilpop, 1
cockle, 1
aggie, 1
interlocking, 1
tylose, 1
trey, 1
loraan, 1
sierra, 1
loops, 1
anti, 1
snchor, 1
iffel, 1
legs, 1
northern, 1
woman's, 1
candymintmoldforms, 1
inchesplastic, 1
annatto, 1
allergy, 1
tug, 1
british, 1
bra, 1
cleaner, 1
grooved, 1
espa�ol, 1
roca, 1
c146, 1
samding, 1
pinellas, 1
mem, 1
walgreens, 1
included, 1
taxi, 1
gigi's, 1
srinkle, 1
robertson, 1
1738, 1
vip, 1
passes, 1
carouasal, 1
drummer, 1
irotic, 1
podge, 1
importers, 1
sculptamold, 1
esencia, 1
pistacho, 1
label, 1
packet, 1
steers, 1
guernsey, 1
passport, 1
quart, 1
mold15, 1
tropy, 1
breakable, 1
tut, 1
oer, 1
flaword, 1
carhy, 1
sizecandy, 1
clausen, 1
margarita, 1
briefcase, 1
about, 1
eatch, 1
samll, 1
moldind, 1
angle, 1
cuo, 1
flexibles, 1
deconstructed, 1
swwet, 1
herbal, 1
gree, 1
taffys, 1
daddys, 1
ravioli, 1
1824, 1
weiss, 1
storybook, 1
milligram, 1
corse, 1
dics, 1
piedcock, 1
lynnscakeandcandy, 1
conferella, 1
felchlin, 1
bacgammon, 1
chiropratic, 1
firefighting, 1
suv, 1
weddingg, 1
coverd, 1
whute, 1
flor, 1
joanne's, 1
longer, 1
mandeline, 1
chart, 1
lopao, 1
065, 1
bush, 1
merken, 1
12x18x1, 1
carmamel, 1
buttock, 1
fondated, 1
chritening, 1
alabet, 1
nunber, 1
whrere, 1
ets, 1
chessecake, 1
nights, 1
freddy, 1
token, 1
sock, 1
cocolet, 1
nugget, 1
1829, 1
indianapoli, 1
multicultural, 1
vertical, 1
celebrations, 1
fleximolds, 1
drizzles, 1
creamsicle, 1
request, 1
bakey, 1
backyardigan, 1
mcmocormak, 1
aviation, 1
luis, 1
shipwheel, 1
coaches, 1
bendable, 1
brickmold, 1
barie, 1
20cm, 1
striper, 1
magi_cake, 1
boubon, 1
turmeric, 1
este, 1
mats, 1
eglitter, 1
molds5, 1
tearshaped, 1
squishies, 1
pae, 1
orint, 1
bachlerette, 1
butteredpopcorn, 1
recotds, 1
howtomakecandymolds, 1
highheel, 1
looly, 1
spadess, 1
beanilla, 1
surplus, 1
aboard, 1
surppy, 1
getsukered, 1
kate, 1
sue, 1
number5, 1
girolle, 1
mirenlife, 1
nostaglia, 1
scandinavia, 1
minie, 1
year's, 1
besides, 1
oreomold, 1
cvandy, 1
graham, 1
globes, 1
icee, 1
monuments, 1
bricks, 1
superfoods, 1
decorration, 1
charchter, 1
idebile, 1
roster, 1
rokeach, 1
acetato, 1
tracror, 1
candymould, 1
contraction, 1
someone, 1
favoring, 1
showcase, 1
chios, 1
help, 1
stuck, 1
horseshie, 1
wheelbarrow, 1
glod, 1
asparagus, 1
cicecreams, 1
kettle, 1
lumpy, 1
chockaye, 1
jemstone, 1
providence, 1
igloo, 1
noah, 1
nerdy, 1
werewolf, 1
gollum, 1
ppan, 1
dallsa, 1
contaner, 1
volunteers, 1
$18.00, 1
orlanso, 1
batch, 1
boucher, 1
osteopathic, 1
mcavern, 1
tiranosaurio, 1
cine, 1
fonger, 1
aurthur, 1
quittard, 1
ffa, 1
apes, 1
catfish, 1
working, 1
simply, 1
cajun, 1
hawaiaan, 1
pastels, 1
chololet, 1
coun, 1
skill, 1
lorranne, 1
reposteria, 1
por, 1
scallops, 1
lemon_shaped_chocolate_mold, 1
edibile, 1
erotics, 1
rode, 1
merkat, 1
taller, 1
tiers, 1
numver, 1
054lbh, 1
constuction, 1
vehilce, 1
easel, 1
12x16, 1
pretzwl, 1
molids, 1
spike, 1
14x, 1
dutchess, 1
unreal, 1
penuis, 1
flames, 1
collector's, 1
values, 1
sherrif, 1
cercas, 1
m�, 1
loraine, 1
mouldshigh, 1
creek, 1
lollys, 1
motercycle, 1
smash, 1
keylime, 1
flivorung, 1
reborn, 1
crockpot, 1
samuel, 1
champlain, 1
picket, 1
girrafe, 1
almonds, 1
cattail, 1
boiled, 1
chopped, 1
sandi, 1
18.74, 1
110v, 1
220v, 1
clipart, 1
here, 1
pressed, 1
meling, 1
drp, 1
flo, 1
foodcolor, 1
chochalate, 1
vaoes, 1
vinilla, 1
flaimgo, 1
archives, 1
did, 1
walker's, 1
youtubes, 1
silocone, 1
violins, 1
giuns, 1
glado, 1
trest, 1
chewy, 1
columniform, 1
candyasl, 1
buttgery, 1
toper, 1
mechanical, 1
fresenup, 1
popscicle, 1
wedd, 1
ing, 1
lolloipo, 1
bmmy, 1
breaker, 1
acr�lico, 1
stegasauras, 1
cottage, 1
flovorings, 1
organs, 1
7x7x2, 1
sweattreatsupply, 1
platforms, 1
1875, 1
chiropractic, 1
lay, 1
pal, 1
medial, 1
preema, 1
keaf, 1
mushroon, 1
parrishs, 1
teme, 1
regulation, 1
savory, 1
loony, 1
haed, 1
revolutionary, 1
snowflakecandymold, 1
tiered, 1
jetevan, 1
bun, 1
halliween, 1
nip, 1
dec, 1
3x5, 1
oringer, 1
tint, 1
whitefood, 1
hallowwen, 1
topers, 1
canles, 1
patty's, 1
treatssupply, 1
diamong, 1
deers, 1
picec, 1
perny, 1
bigfoot, 1
drape, 1
matryoshka, 1
25oz, 1
shoping, 1
choose, 1
crystales, 1
skis, 1
ldo, 1
warrant, 1
displays, 1
trucolor, 1
god, 1
wiseman, 1
hocklaye, 1
smoked, 1
purchased, 1
chicolte, 1
hectagon, 1
colorburst, 1
m180, 1
nursingl, 1
57, 1
aqui, 1
em, 1
edgewater, 1
incredients, 1
badia, 1
ge, 1
ge's, 1
rhinocerous, 1
candysupplies, 1
manger, 1
instr, 1
brooms, 1
gilliam, 1
caqndy, 1
tequila, 1
gucci, 1
c&j, 1
1932, 1
calico, 1
1950, 1
fossils, 1
glavors, 1
mosels, 1
henrietta, 1
flowercandy, 1
bachelette, 1
cure, 1
colori8ng, 1
caskets, 1
gallery, 1
naurical, 1
novo, 1
cecilware, 1
skyrim, 1
searching, 1
electrician, 1
grizzlies, 1
strangest, 1
bye, 1
edibel, 1
mmold, 1
trear, 1
dept, 1
toombstone, 1
hanover, 1
sweekinker, 1
18&quot, 1
captains, 1
turtke, 1
cw1858, 1
daury, 1
19x14, 1
cakebox, 1
eby, 1
0253, 1
hgih, 1
pascal, 1
ground, 1
poppies, 1
roostet, 1
colarin, 1
bakersville, 1
colormate, 1
carosel, 1
heaven, 1
richland, 1
fontant, 1
12x12x2, 1
eyedropper, 1
cheerleaders, 1
skers, 1
bummy, 1
hpney, 1
revolvers, 1
1inchx1inch, 1
natvity, 1
glittee, 1
anchore, 1
hobey, 1
1955, 1
lilo, 1
stitch, 1
billiken, 1
remedy, 1
soon, 1
cutte, 1
coat, 1
displaying, 1
sherlock, 1
sarah, 1
janes, 1
bandage, 1
pourer, 1
julia, 1
usher, 1
russia's, 1
slavic, 1
tonnehoe, 1
monoko, 1
gecko, 1
mmolds, 1
africa, 1
tommy, 1
knuckle, 1
aeroplane, 1
claculator, 1
biker, 1
pergnant, 1
fashionclubs, 1
uno, 1
sapatinhos, 1
captol, 1
marashine, 1
chocolater, 1
huskies, 1
scallope, 1
2ft, 1
vial, 1
micerwaver, 1
refigerater, 1
flexalbe, 1
pansie, 1
spell, 1
jacketed, 1
tanks, 1
oilscinnamonoil, 1
helmets, 1
baltimore, 1
stock, 1
printer, 1
cracking, 1
burien, 1
gutiar, 1
furious, 1
identify, 1
laced, 1
jumping, 1
glittet, 1
called, 1
shunda, 1
boxer, 1
bronco, 1
5pounds, 1
outhouse, 1
crean, 1
5mg, 1
biscit, 1
meltsbulk, 1
googly, 1
j087, 1
crytsal, 1
paducah, 1
gambling, 1
frying, 1
dolohin, 1
turqoise, 1
capeman, 1
volleyballs, 1
seashore, 1
ballarina, 1
bloom, 1
doego, 1
graduationjello, 1
norton, 1
hummingbirds, 1
divider, 1
alphabetical, 1
paromant, 1
candiemolds, 1
28mm, 1
headlight, 1
alb, 1
con, 1
macron, 1
expedited, 1
southwestern, 1
garnden, 1
buterfly, 1
1ozorange, 1
sarris, 1
ebile, 1
cupid, 1
chocolated, 1
infel, 1
keg, 1
whte, 1
griswold, 1
1974, 1
disposble, 1
anegls, 1
peerless, 1
magical, 1
ernesto, 1
midwest, 1
pangea, 1
wildcats, 1
chocl, 1
feed, 1
husbands, 1
motorcross, 1
chocolateolate, 1
dreams, 1
cent, 1
1983, 1
reenactment, 1
reproductions, 1
ebilble, 1
nearby, 1
network, 1
doneky, 1
flexibal, 1
grandes, 1
wooster, 1
crow, 1
anis, 1
daisey, 1
breadt, 1
trapots, 1
baker, 1
terre, 1
haute, 1
gfs, 1
adirondack, 1
dinosauer, 1
woodlands, 1
ment, 1
hoe, 1
willoughby, 1
blades, 1
vainilla, 1
soilder, 1
burro, 1
orintal, 1
longmont, 1
festive, 1
cosigo, 1
mcnab, 1
agbay, 1
nassau, 1
bg, 1
sherriff, 1
kama, 1
valentines, 1
4lb, 1
war, 1
bourban, 1
chiropractor, 1
breeds, 1
mcar, 1
tuna, 1
waterville, 1
coton, 1
spiramint, 1
imch, 1
horningsstore, 1
spicy, 1
1986, 1
050, 1
moleds, 1
tupac, 1
hards, 1
dradel, 1
jigsaw, 1
newfoundland, 1
dachshubd, 1
wuzzles, 1
panty, 1
macadamia, 1
men's, 1
ewedding, 1
sraight, 1
strawverry, 1
zafari, 1
surcker, 1
jetro, 1
mastrad, 1
works, 1
dav, 1
superstars, 1
casle, 1
foodie, 1
exible, 1
chubks, 1
tge, 1
nsutical, 1
emulsifier, 1
sorority, 1
pricess, 1
lavale, 1
tiffanys, 1
chrubs, 1
alpes, 1
bonus, 1
voohries, 1
rj, 1
support, 1
pearlescent, 1
brownies, 1
motor, 1
cycle, 1
bachlorette, 1
norwalk, 1
choloalte, 1
layered, 1
loddipop, 1
lollipoop, 1
paerl, 1
fashison, 1
tyranosaurus, 1
nikeloden, 1
mits, 1
choxholate, 1
snacks, 1
bsa, 1
ideale, 1
bald, 1
person, 1
bobcat, 1
connellsville, 1
benefit, 1
skullette, 1
dewcandymakingmolds, 1
brickle, 1
nautocal, 1
sixlex, 1
lighted, 1
decorated, 1
cakeart, 1
iconic, 1
panaraic, 1
flavering, 1
preformed, 1
panoramas, 1
cutsom, 1
buggy, 1
mpld, 1
sandrack, 1
falvoring, 1
aurora, 1
25th, 1
malls, 1
chream, 1
cao, 1
candey, 1
kalamazoo, 1
dil, 1
copywrited, 1
minimouse, 1
satue, 1
libery, 1
effil, 1
felt, 1
confectionry, 1
pirateship, 1
chicolste, 1
shspe, 1
brew, 1
industries, 1
eliquid, 1
macaroon, 1
pottery, 1
lolipos, 1
horseracing, 1
ssnding, 1
priness, 1
ehh, 1
moukd, 1
sailship, 1
saicer, 1
moldsds, 1
poc, 1
schokoladenform, 1
dummy, 1
depositor, 1
crafting, 1
trident, 1
loillpop, 1
scarpin, 1
giraffess, 1
dhoes, 1
bowder, 1
025, 1
grm, 1
tshirts, 1
trojan, 1
rubble, 1
lifeguard, 1
string, 1
customs, 1
gainesville, 1
buutercream, 1
suflower, 1
hoppy, 1
naught, 1
larks, 1
cresent, 1
zone, 1
tyler, 1
joiner, 1
3dbunny, 1
swweet, 1
x12x2, 1
sigma, 1
cavaliers, 1
james, 1
bond, 1
007, 1
mumber, 1
jtractor, 1
ivoire, 1
suoply, 1
foodextracts, 1
lop, 1
l029, 1
redberry, 1
exhibition, 1
visalia, 1
barberton, 1
occupation, 1
van, 1
leer, 1
showrr, 1
stainsless, 1
hartville, 1
cholates, 1
eureka, 1
shawer, 1
cott, 1
duzions, 1
ao065, 1
congratulatons, 1
flakesedible, 1
legal, 1
sinal, 1
9x9, 1
8mold, 1
seperate, 1
juicy, 1
moldmold, 1
r&r, 1
vending, 1
16x2, 1
extact, 1
troche, 1
granad, 1
firefly, 1
serenity, 1
tv, 1
bestpkace, 1
onlineto, 1
claw, 1
esfera, 1
micheal's, 1
itemd, 1
marshmallows, 1
dean, 1
racing, 1
dyeing, 1
nature, 1
nutter, 1
confettie, 1
chrisening, 1
sandle, 1
winged, 1
rosette, 1
watches, 1
extended, 1
eidible, 1
sprikle, 1
paragant, 1
1987, 1
croissants, 1
crunchies, 1
bagpiper, 1
hornlein, 1
isalnd, 1
dd4d, 1
blog, 1
hardtack, 1
mermsid, 1
crystalized, 1
intricate, 1
judy's, 1
fondont, 1
fart, 1
bop, 1
acacia, 1
stethosscope, 1
magin, 1
straw, 1
ribbons, 1
ofbutt, 1
akelwton, 1
fremont, 1
magyfleur, 1
sugarveil, 1
penjuin, 1
chocatle, 1
thespian, 1
1.7, 1
wide, 1
tux, 1
prestel, 1
royl, 1
retirements, 1
8lb, 1
surpior, 1
peanur, 1
assault, 1
uou, 1
miguc, 1
packaged, 1
walls, 1
7.45E+11, 1
flavers, 1
graduatuion, 1
greyhounds, 1
trucololor, 1
fodcolering, 1
containiers, 1
individial, 1
professionalcake, 1
cakeball, 1
choclad, 1
anderson, 1
township, 1
clothes, 1
mandeville, 1
movies, 1
65g, 1
dealers, 1
sweei, 1
vcandy, 1
bikini, 1
keeper, 1
peacocks, 1
lollilpop, 1
mchenney, 1
johnstown, 1
chocllate, 1
elektric, 1
deadpool, 1
1992, 1
bruselas, 1
albums, 1
hatco, 1
sequines, 1
wilderness, 1
divinity, 1
0.8, 1
0.4, 1
eaater, 1
24x16, 1
buttervanilla, 1
crunches, 1
battleship, 1
worcester, 1
scentsy, 1
modak, 1
whitener, 1
ro, 1
caco, 1
town, 1
locate, 1
wedge, 1
31x24mm, 1
22mm, 1
cw1000l1, 1
shopps, 1
ppa, 1
2d, 1
donald, 1
powdergold, 1
kohala, 1
refrigerate, 1
brushstroked, 1
mahjong, 1
min, 1
gefen, 1
crutches, 1
speramint, 1
pme, 1
frill, 1
asheville, 1
charms, 1
listing, 1
wresting, 1
locals, 1
cookong, 1
concord, 1
buuy, 1
9x13x3, 1
antiseptic, 1
wafera, 1
horderves, 1
pearly, 1
1.8, 1
holes, 1
paddy's, 1
6oz, 1
weiner, 1
titty, 1
stretch, 1
loop, 1
initinal, 1
stockton, 1
exoticcandy, 1
prunt, 1
glidder, 1
ayden, 1
18x18, 1
vynal, 1
vag, 1
various, 1
bronx, 1
sapphire, 1
ethans, 1
1920's, 1
bakerycandy, 1
detail, 1
newborn, 1
efivs, 1
chrysltals, 1
peas, 1
pod, 1
b&v, 1
fatdaddios, 1
prd22, 1
treatsupplies, 1
jb, 1
birtthday, 1
flavrings, 1
5lbs, 1
glittler, 1
ravens, 1
licausa, 1
flaver, 1
mailing, 1
stargazer, 1
$6, 1
dscript, 1
huanyu, 1
mat, 1
shpe, 1
seperated, 1
unicornchocolatemolds, 1
chxlocolate, 1
sally, 1
flegg, 1
colorong, 1
accordian, 1
choclit, 1
15x15x2, 1
rubiks, 1
hashanah, 1
sucksd, 1
jolli, 1
mushroommolds, 1
youngstown, 1
shaqeal, 1
neal, 1
crav, 1
removeable, 1
spanaway, 1
crystallysed, 1
artista, 1
cookware, 1
o0, 1
yummyinks, 1
pp1016, 1
composers, 1
insides, 1
decoratio, 1
zest, 1
catcher, 1
twists, 1
bakersfield, 1
smallest, 1
majic, 1
candywafers, 1
christals, 1
physicians, 1
assistant, 1
monograms, 1
story, 1
rondant, 1
suppoies, 1
avenue, 1
glittyer, 1
cities, 1
fluorescent, 1
hillard, 1
triforce, 1
collins, 1
mak, 1
soy, 1
lecithin, 1
childrens, 1
dope, 1
kerry, 1
pipes, 1
frostinf, 1
redskin, 1
luquid, 1
gowns, 1
children, 1
hamburger, 1
hart, 1
cheerleadingcandy, 1
sugarskullmolds, 1
luck, 1
sunflowercandy, 1
cw1685, 1
hosping, 1
abscorbic, 1
aways, 1
podgeflower, 1
havedinosaur, 1
fonant, 1
nestles, 1
calia, 1
lilly, 1
offer, 1
caster, 1
ch, 1
vallejo, 1
haddonfield, 1
scoop, 1
lin, 1
washable, 1
fudgesicle, 1
minichips, 1
flvors, 1
lousiana, 1
m173, 1
celebrtion, 1
sevarome, 1
pokeman, 1
save, 1
pidtacio, 1
beet, 1
popsicile, 1
chocolatelego, 1
confeti, 1
colores, 1
23.5, 1
penguins, 1
shocking, 1
boilers, 1
tonka, 1
ammomion, 1
bloomington, 1
suppy, 1
1993, 1
marvels, 1
baycheer, 1
magicake, 1
kat, 1
1.6, 1
suare, 1
prestige, 1
end, 1
cakeboard, 1
1950s, 1
galze, 1
sd, 1
senhai, 1
nz, 1
oolycarbonate, 1
vitamin, 1
decoratingcandie, 1
135kg, 1
stallion, 1
mely, 1
wwilton, 1
kickstarter, 1
airfore, 1
gloria's, 1
retaillos, 1
wilron, 1
whistle, 1
rent, 1
dreamworks, 1
chococlate, 1
trutle, 1
baseballs, 1
dis, 1
nmols, 1
herbs, 1
lavendar, 1
2.1, 1
biscuits, 1
cawboy, 1
council, 1
bluffs, 1
wilto, 1
60g, 1
edibale, 1
fawn, 1
ao, 1
ranchers, 1
2.49, 1
sugsr, 1
ll, 1
handy, 1
filters, 1
tic, 1
tac, 1
chocolatier, 1
balerina, 1
candyegg, 1
pan9x9, 1
spartans, 1
fflakes, 1
marioi, 1
luigi, 1
loillipop, 1
medigold, 1
hyde, 1
2010, 1
cooki, 1
lindiancandy, 1
paella, 1
spain, 1
seasonings, 1
transplant, 1
nation, 1
mercantile, 1
acmc, 1
coloured, 1
sub, 1
recipesfor, 1
hawkeye, 1
sugarflex, 1
venders, 1
flamungo, 1
lone, 1
velata, 1
lollpoop, 1
authority, 1
14g, 1
churro, 1
12g, 1
mainstays, 1
cupcakea, 1
wod, 1
cocollate, 1
elbow, 1
jackets, 1
pastes, 1
saltewd, 1
doiley, 1
scrolled, 1
sonia, 1
nance, 1
loved, 1
k080, 1
copyright, 1
noughty, 1
reese, 1
grinning, 1
lawfrim, 1
cactuses, 1
reef, 1
arlene's, 1
lorannliquidfoodcoloring, 1
denvercolorado, 1
sylacone, 1
jawbreacker, 1
dkctor, 1
sweeettreatsupplies, 1
asilicone, 1
micharls, 1
70896219794, 1
hatching, 1
flint, 1
stag, 1
decosil, 1
guatar, 1
lucks, 1
storefront, 1
proffessional, 1
cho, 1
olate, 1
equip, 1
kenosha, 1
gossamer, 1
hardhat, 1
88, 1
length, 1
bohemia, 1
spencers, 1
enulsion, 1
choclet, 1
candynmolds, 1
cheeze, 1
bambi, 1
mavhine, 1
vanila, 1
pils, 1
conch, 1
alarm, 1
foer, 1
pattie, 1
sati, 1
batmanmolds, 1
hammers, 1
princesa, 1
repunzel, 1
firework, 1
bchs, 1
dell, 1
appricot, 1
voyage, 1
split, 1
ublic, 1
anything, 1
nmusical, 1
kief, 1
sample, 1
pith, 1
aldut, 1
confetties, 1
decrting, 1
canfy, 1
teen, 1
pharmacist, 1
contractors, 1
sandollar, 1
gumflavor, 1
palettechocolate, 1
aslan, 1
jewlelry, 1
chocos, 1
crate, 1
tact, 1
jeal, 1
bases, 1
cornstarch, 1
edibble, 1
marylous, 1
forst, 1
lolliops, 1
outrageous, 1
cor, 1
dolce, 1
makingn, 1
cellophabe, 1
carlsbad, 1
58, 1
roasted, 1
mars, 1
kane, 1
2.4, 1
businesses, 1
mintl, 1
modicani, 1
sicilian, 1
lizber, 1
tyecsea, 1
oyster, 1
pairmount, 1
ax740, 1
crisped, 1
close, 1
colr, 1
towers, 1
firm, 1
sheeting, 1
le, 1
cirque, 1
stove, 1
smallcross, 1
lolilpop, 1
joannes, 1
bobcats, 1
yougurt, 1
brihtday, 1
heatt, 1
prints, 1
pegs, 1
windows, 1
garry, 1
choolate, 1
moutaches, 1
brookville, 1
cobblestone, 1
weedin, 1
chopstick, 1
balirina, 1
8cavity, 1
cb600rd, 1
ridget, 1
aquarius, 1
ondividual, 1
meatloaf, 1
parsippany, 1
decorettes, 1
egs, 1
2026, 1
jellybean, 1
weightlifiting, 1
mic, 1
gilldardi, 1
squarecake, 1
mills, 1
humbug, 1
ultra, 1
polycabonate, 1
wing's, 1
mustach, 1
mcigar, 1
styling, 1
scm, 1
003, 1
collectables, 1
auroma, 1
hydrants, 1
trek, 1
sugus, 1
manfacturer, 1
s�per, 1
thinning, 1
dill, 1
bodies, 1
stl, 1
cardinals, 1
ez, 1
framingham, 1
polyurethane, 1
dive, 1
frence, 1
steer, 1
gang, 1
northridge, 1
cusdtom, 1
norwakl, 1
koolaid, 1
cereal, 1
buyparamount, 1
peque�o, 1
redondo, 1
piruleta, 1
di�metro, 1
puede, 1
utilizar, 1
decoraciones, 1
az�car, 1
glassware, 1
nauticasl, 1
thunder, 1
cruzes, 1
bibble, 1
modpac, 1
wayfer, 1
arlenes, 1
dmcao121, 1
slupplies, 1
required, 1
lobter, 1
es, 1
1x1x1x, 1
royalty, 1
perish, 1
guarantees, 1
rd, 1
lieutenant, 1
captail, 1
tubing, 1
birdie, 1
defense, 1
mushrooms, 1
ben, 1
shit, 1
chocolad, 1
editble, 1
letang, 1
fils, 1
aah, 1
sanjeev, 1
kapoor, 1
download, 1
raised, 1
sealer, 1
2030, 1
rosary, 1
feathe, 1
jooan, 1
hersey, 1
cayenne, 1
rong, 1
peins, 1
wetsern, 1
memorial, 1
oregano, 1
1mom, 1
zicome, 1
romantic, 1
maiking, 1
hsoes, 1
weddin, 1
esoteric, 1
on1, 1
glitrer, 1
dominican, 1
pollipop, 1
pitcher, 1
joplin, 1
cigat, 1
4x2, 1
snack, 1
fairly, 1
parents, 1
moldedchocolate, 1
raisen, 1
lacrrose, 1
salina, 1
fram, 1
carbonato, 1
muppet, 1
eyeshadow, 1
flopcake, 1
corling, 1
guadalupe, 1
river, 1
clamshell, 1
fidora, 1
yo, 1
instapot, 1
metrocard, 1
50g, 1
roman, 1
lnguage, 1
holllow, 1
tomorrow, 1
ammunion, 1
dashshund, 1
godiva, 1
florentine, 1
cajas, 1
pasteles, 1
11x, 1
donuts, 1
celestial, 1
cilicone, 1
beatles, 1
awarness, 1
hyatsville, 1
monkee, 1
conshohocken, 1
loramm, 1
candymouldsandmore, 1
masquerad, 1
decatur, 1
knxville, 1
changes, 1
biscut, 1
elidable, 1
pineaple, 1
esnce, 1
vines, 1
breakapart, 1
odorless, 1
tasteless, 1
change, 1
fave, 1
pallette, 1
chicoalte, 1
chockolate, 1
liquad, 1
tugboat, 1
marathon, 1
runner, 1
caked, 1
decirations, 1
friend, 1
vectors, 1
10x12, 1
07719, 1
teething, 1
remove, 1
shavuos, 1
utters, 1
ibc, 1
charmios, 1
eaters, 1
former, 1
plaim, 1
growing, 1
orb, 1
martni, 1
caandy, 1
charter, 1
adagascar, 1
cheerleadingcandymolds, 1
choccolate, 1
onesis, 1
suppliescandy, 1
maplelene, 1
obscure, 1
poster, 1
cowvoy, 1
coffex, 1
fimo, 1
32oz, 1
appliance, 1
footbll, 1
sudoku, 1
10ozpumpkin, 1
veil, 1
survivor, 1
bubbgle, 1
yur, 1
easster, 1
ediible, 1
choclaate, 1
amsterdam, 1
candywarehouse, 1
school, 1
chicolat, 1
sylvwster, 1
cheeae, 1
0292, 1
profressional, 1
paragon, 1
aramount, 1
charlottesville, 1
cabinet, 1
brill, 1
crema, 1
lures, 1
crysanthemum, 1
insignia, 1
supllies, 1
silucone, 1
logs, 1
2here, 1
ti, 1
ruber, 1
fondo, 1
withwindow, 1
candyquick, 1
demisphere, 1
weightlifting, 1
suppplys, 1
bleep, 1
neer, 1
bunting, 1
6oth, 1
decendants, 1
gators, 1
olf, 1
haloween, 1
buttervan, 1
tincture, 1
women's, 1
clothing, 1
wiltin, 1
think, 1
lorraine's, 1
encinitas, 1
trader, 1
joe's, 1
jdrf, 1
saws, 1
cabernet, 1
savignon, 1
aluminun, 1
x10, 1
lollipol, 1
jesters, 1
hunt, 1
16x16x3, 1
8ngr3dients, 1
pepperment, 1
liqed, 1
percent, 1
vessels, 1
juniper, 1
whiolesale, 1
cottoncandy, 1
premixed, 1
vsnilla, 1
cinerella, 1
skewers, 1
holigram, 1
angelfish, 1
oreomolds, 1
allstar, 1
sandcastle, 1
racuet, 1
stormtrooper, 1
aingles, 1
luubbock, 1
candywedding, 1
culidary, 1
owered, 1
crystallized, 1
procedure, 1
accent, 1
corrections, 1
adulthard, 1
beehives, 1
gemini, 1
rugby, 1
mickeys, 1
centerpiece, 1
swallowtail, 1
pram, 1
kayak, 1
paints, 1
sleep, 1
candlemaking, 1
silocane, 1
polyarbonate, 1
greatfull, 1
meltsfor, 1
busters, 1
ckcandymolds, 1
eyeglasses, 1
hans, 1
bruhner, 1
hamburg, 1
pelican, 1
impression, 1
amerigel, 1
balling, 1
2039, 1
bathbombs, 1
austrialia, 1
righlyts, 1
quilting, 1
teets, 1
flexmold, 1
shortening, 1
camoflage, 1
ribcon, 1
boop, 1
lo, 1
coopers, 1
graduration, 1
okay, 1
mileneum, 1
48st, 1
fake, 1
patties, 1
mendiant, 1
gerbera, 1
slaem, 1
edile, 1
faceted, 1
tale, 1
seinker, 1
9x1, 1
branch, 1
candymoldspoon, 1
flowercandymolds, 1
dagger, 1
bin, 1
carat, 1
toronto, 1
jays, 1
giannos, 1
labor, 1
bb, 1
bursts, 1
pitchfork, 1
macaron, 1
breakaway, 1
brulle, 1
koi, 1
bsking, 1
coyote, 1
common, 1
chadds, 1
xmas, 1
findat, 1
steal, 1
cupc, 1
lolipods, 1
musket, 1
michaelsbridalshowercandymolds, 1
pucker, 1
flutes, 1
entire, 1
fabulous, 1
bunch, 1
calle, 1
ligud, 1
fr, 1
abrasive, 1
foreign, 1
flovored, 1
dupage, 1
eggmolds, 1
donna, 1
tanker, 1
mayan, 1
70896214010, 1
kawaii, 1
bjs, 1
sailboats, 1
samoyed, 1
crusting, 1
gums, 1
plasticcandy, 1
cheesecakepan, 1
gown, 1
5x5x3, 1
pea, 1
eagg, 1
gumballs, 1
sergeant, 1
aieplane, 1
sheirff, 1
52nd, 1
jel, 1
vintaga, 1
cursive, 1
sstore, 1
foad, 1
belt, 1
buckle, 1
cupcakees, 1
crunchy, 1
quickly, 1
legocandymold, 1
graduating, 1
chews, 1
divisoria, 1
csmdy, 1
boiker, 1
northgate, 1
gonzalez, 1
silico, 1
anaheim, 1
cowby, 1
catalogue, 1
iridescent, 1
giraff, 1
celestiral, 1
navigation, 1
themede, 1
congrats, 1
nacscar, 1
alphabetcandymolds, 1
birthdauy, 1
wggs, 1
edibls, 1
rubbernmint, 1
joann's, 1
hocky, 1
puckmold, 1
8lbs, 1
fuschia, 1
shzmrock, 1
airbrushing, 1
snap, 1
collectible, 1
ruckriegel, 1
parkway, 1
bolsa, 1
fp6yfr, 1
bendy, 1
baits, 1
traps, 1
cacius, 1
nascar, 1
parfume, 1
davison, 1
priced, 1
2050, 1
besy, 1
gardening, 1
kem, 1
shsped, 1
led, 1
nen, 1
cosmotology, 1
floats, 1
rafts, 1
glittery, 1
camdu, 1
broncos, 1
decore, 1
b230, 1
explicit, 1
ventage, 1
sox, 1
buttholes, 1
conversion, 1
llollipops, 1
shutters, 1
juke, 1
baidacore, 1
supples, 1
spribkles, 1
massachesets, 1
spaceman, 1
25g, 1
wont, 1
grammys, 1
kent, 1
bu, 1
student, 1
jelliy, 1
liuid, 1
horoscope, 1
ventura, 1
pcb, 1
evil, 1
lion's, 1
lincol, 1
kiys, 1
lord, 1
seven, 1
granade, 1
confty, 1
ramen, 1
hors, 1
tuscaloosa, 1
primrose, 1
pow, 1
moldsttps, 1
cream_cheese_mints, 1
within, 1
16x3, 1
liqour, 1
bittles, 1
andgold, 1
colorig, 1
8516, 1